year,outcome,cinc_a,irst_prop_a,irst_raw_a,milex_prop_a,milex_raw_a,milper_prop_a,milper_raw_a,pec_prop_a,pec_raw_a,tpop_prop_a,tpop_raw_a,upop_prop_a,upop_raw_a,cinc_b,irst_prop_b,irst_raw_b,milex_prop_b,milex_raw_b,milper_prop_b,milper_raw_b,pec_prop_b,pec_raw_b,tpop_prop_b,tpop_raw_b,upop_prop_b,upop_raw_b,capratio_a
1913,VictoryA,0.0447277,0.03530907271424128,2611,0.06339032542608884,37513,0.05237746891002194,358,0.029050801499814143,37670,0.04302322129008633,52166,0.0452155828149974,4696,0.0017763,0,0,0.002017648510083173,1194,0.004681784930504755,32,1.52696010006987e-4,198,0.002476684689915448,3003,0.0013287373144100598,138,0.9618032857388611
1951,VictoryA,0.0585345,0.08556411789097293,15889,0.04519139530106354,3215782,0.04245913436825331,826,0.08506913176040755,211603,0.023231974681089892,50562,0.0696913750745032,19176,0.0053701,0,0,0.0013272780628148452,94448,0.003958054898735478,77,0.0016342207842330056,4065,0.009622784813616265,20943,0.015678378810565642,4314,0.9159669256986195
1856,VictoryA,0.2956996,0.5159280758884327,3644,0.21647016337749364,32369,0.08255889345148044,382,0.5828653249542598,73272,0.07697232832293699,28011,0.29940258685691085,5162,0.0057949,0,0,NA,NA,0.0038902096390749947,18,0,0,0.017311972740512764,6300,0.007772170987761731,134,0.980779417203299
1889,VictoryA,0.1892983,0.3381717850287908,8457,0.14104516461756278,28990,0.058299766800932795,275,0.3392472138376802,152628,0.03847881481358816,37178,0.22054695645200095,11000,0.004736,0,0,0.007482837639938308,1538,0.006359974560101759,30,0.0012780561099972883,575,0.005174944162352488,5000,0.008120137942096399,405,0.975591944310877
1938,VictoryA,0.1542221,0.20869565217391303,22656,0.35453266139834266,7415163,0.09612784265519361,782,0.12677759216775458,232155,0.04512381945987796,68424,0.09407528375034493,20796,0.0051238,0.0061993367722918205,673,0.001985291449323957,41523,0.007129686539643515,58,0.0012898652740636054,2362,0.004453425008952354,6753,0.009685284790800563,2141,0.9678447955046222
1895,VictoryA,0.1719241,0.2756665375268552,7827,0.15741654188320267,35743,0.061115506329113924,309,0.29328578344009093,161765,0.03811264613767041,39221,0.20594781851957225,12306,0.0193587,3.5219948578875073e-4,10,0.029705804633136615,6745,0.04568829113924051,231,2.918988108296272e-4,161,0.02657516755240841,27348,0.013539069168075244,809,0.8987953961359829
1945,VictoryB,0.1182072,0.10130140723959453,12252,0.06053090852516707,8589076,0.24218235362498547,12500,0.07258097022230582,151257,0.10975263254657677,177300,0.12289484320792213,29189,0.00332,0,0,2.1721587544023356e-4,30822,0.0017437129460998954,90,0.0011765970433440691,2452,0.009418422471495576,15215,0.007363838458688403,1749,0.9726810129748731
1940,VictoryA,0.1373449,0.13272226650242736,18317,0.12321444772926889,6145214,0.1889168765743073,4200,0.09862600044953043,201846,0.12713971828107168,194077,0.15345012125892507,33978,8.913e-4,1.4491703499746395e-5,2,1.6008297687769422e-4,7984,0.0015293270960777259,34,5.63378905295664e-4,1153,0.0013101987178395348,2000,0.0017703351443139274,392,0.9935523401250902
1939,VictoryB,0.1381359,0.1311333432880394,17564,0.18041270789657488,5984123,0.15710898392904188,1789,0.09192632900200434,181115,0.11084795447238287,170315,0.15738604030093517,35124,5.647e-4,0,0,1.5445108707727985e-4,5123,0.0013172916483709493,15,3.8980438215244093e-4,768,7.426093770542164e-4,1141,7.84152062768012e-4,175,0.9959286405394064
1908,VictoryA,0.0468532,0.04996781062744515,2018,0.057069724582778744,22296,0.0508749189889825,314,0.0347417477603651,35969,0.04312070364681746,50001,0.045344102229521475,4031,0.0015726,0,0,0.0022064093375652708,862,0.004698639014906027,29,9.851978847221887e-5,102,0.0024319590464995746,2820,0,0,0.9675255752099088
1928,VictoryA,0.0396984,0.017711450183061684,1906,0.0418038610683292,240349,0.047587243279345465,285,0.024101162759914932,40968,0.04586587921508859,62595,0.061120585874799356,9748,0.1267741,2.787741371940454e-4,30,0.018384035328627372,105698,0.2838537318417098,1700,0.014852029755829242,25246,0.347895569852133,474787,0.09538021669341894,15212,0.23846821547102376
1929,VictoryB,0.1266302,1.695950071229903e-4,20,0.01809997974385135,111605,0.2866779089376054,1700,0.013969953149946346,25620,0.34677974203173545,478830,0.09408410548823949,15444,0.1337485,0.041160708228749746,4854,0.45389358369868193,2798721,0.09477234401349073,562,0.028089857007005697,51515,0.11064245830285561,152774,0.07393192852922005,12136,0.48633087115036683
1897,VictoryA,0.1322298,0.18545151533855936,6009,0.1497382958497654,39222,0.11463275763902069,604,0.1734613791082382,102992,0.051272206402490986,53549,0.11882239080890387,7612,0.1213515,6.172458490216654e-4,20,0.010155113634194482,2660,0.18978933383943822,1000,9.077955893597599e-4,539,0.40528779038036933,423285,NA,NA,0.521449334000575
1826,VictoryA,0.1500554,0.11875945537065052,157,0.1742993525213857,7376,0.3029350104821803,578,8.031411743708727e-4,27,0.21088819742318496,53000,0.09264724752983447,722,0.0651783,0,0,NA,NA,0.09958071278825996,190,8.92379082634303e-5,3,0.11317136058698542,28442,0.11305017323238804,881,0.6971742807933888
1914,VictoryA,0.2063641,0.4076096229312404,23890,0.03414630594027454,253205,0.02356950163282692,166,0.4657059429203292,556778,0.08127469849285379,99111,0.22587825413723023,23340,1.596e-4,0,0,NA,NA,1.419849495953429e-4,1,0,0,6.560296919038555e-4,800,0,0,0.999227207337463
1850,VictoryA,0.3041713,0.5273025544879306,2250,0.14578753658505947,11606,0.0694060773480663,201,0.6768513545939646,59236,0.08103636095981157,27524,0.32464370121034164,4533,0.0015531,0,0,0.003077541484003065,245,0.003107734806629834,9,1.7139527177576928e-4,15,0.002961872515825114,1006,0,0,0.9949199344245995
1898,VictoryA,0.0821318,0.07187384361390226,2525,0.12425289192391145,37337,0.11508006334682386,654,0.06931428323969212,43216,0.036599783908540136,38820,0.07567012178537971,5008,0.1574313,0.24901084512254135,8748,0.12892522929063002,38741,0.05824388527186345,331,0.2736515584326016,170616,0.03807150628569705,40381,0.19668489921730983,13017,0.34283994488299746
1822,VictoryA,0.1319189,0.16144349477682812,170,0.22495147425824938,9735,0.10141903171953255,243,0.04100115264284538,1245,0.1287411464252316,30700,0.13395683453237411,931,0.0323431,0.00949667616334283,10,NA,NA,0.0659432387312187,158,0,0,0.0485777667814294,11584,0.037697841726618705,262,0.8031005345119382
1964,VictoryA,0.0288329,0.0456386059228666,19780,0.033346563583073606,4964419,0.03213936373375565,690,0.031191079238649944,151682,0.015003888401630892,48310,0.01567778305953545,8674,3.6e-5,0,0,1.3440943185845168e-5,2001,4.657878801993572e-5,1,2.6732508148788204e-6,13,1.5342415380678246e-4,494,0,0,0.9987529833142239
1909,VictoryA,0.1352272,0.21841391475882477,11515,0.14122024204224046,58567,0.10507246376811594,667,0.15542941979905672,168762,0.05424486939583763,63717,0.13698226787934306,12561,6.573e-4,0,0,NA,NA,0.001890359168241966,12,0,0,0.001396198593925855,1640,0,0,0.9951628037046167
1914,VictoryA,0.2063641,0.4076096229312404,23890,0.03414630594027454,253205,0.02356950163282692,166,0.4657059429203292,556778,0.08127469849285379,99111,0.22587825413723023,23340,5.795e-4,0,0,7.187844263014684e-5,533,8.519096975720574e-4,6,0,0,0.001566270889420455,1910,9.87128617052163e-4,102,0.9971997201169787
1939,VictoryA,0.0270297,0.017044945497984174,2283,0.02018180970184971,669412,0.0510230965135681,581,0.008552856306836956,16851,0.028650012951732345,44020,0.03672520175112358,8196,2.976e-4,0,0,2.1055756239463642e-4,6984,7.903749890225696e-4,9,8.83150553314124e-5,174,6.963996787449706e-4,1070,0,0,0.9891097913075936
1911,VictoryA,0.0332631,0.012514665623777864,736,0.06393480082260644,29379,0.04526364909006066,291,0.008787110739206506,10165,0.028943221878004487,34680,0.04013536720880897,3973,0.0180268,0,0,0.02420595627999086,11123,0.05226318245450303,336,6.241312300744808e-4,722,0.021339366787736354,25569,0.009728255379331245,963,0.6485311923010183
1853,VictoryA,0.0787437,0.13021762397431325,730,0.05604644369796991,4605,0.0070659488559892325,21,0.10863747758237012,11570,0.0737979445769866,25736,0.09669704608622584,1496,0.0872489,0.04298965394220478,241,0.13311182513022735,10937,0.17294751009421266,514,0.011333226918057108,1207,0.10571320425766195,36866,0.057397711847973626,888,0.4743807856494808
1931,VictoryA,0.0411423,0.027900016298469426,1883,0.032856701945838555,222176,0.04920795416245366,292,0.024232812014945142,37235,0.04640885623088365,65457,0.06624736735812585,11481,0.1254375,2.2225185580299596e-4,15,0.010852016624151929,73381,0.28648466464442196,1700,0.01792453628348648,27542,0.34530948454456123,487039,0.09183231874441014,15915,0.24698252729322523
1939,VictoryA,0.1779559,0.17719127967746753,23733,0.36178275325538906,12000000,0.2415034688680074,2750,0.1294526141510157,255050,0.051935795854664644,79798,0.10586949021154182,23627,9.828e-4,0,0,3.385683599215016e-4,11230,0.002371124967067709,27,9.257854076120472e-4,1824,0.001763778625606421,2710,4.973764512414248e-4,111,0.9945076162954128
1913,VictoryB,0.2199113,0.4300782993224877,31803,0.10616312198155389,62825,0.02267739575713241,155,0.4627976993801159,600107,0.08018503795438875,97225,0.21756629243775155,22596,0.005346,0,0,0.007567026824248283,4478,0.004535479151426481,31,0.0011251690838393637,1459,0.012676205022977168,15370,0.00617188854012209,641,0.9762671398440805
1935,VictoryB,0.0468279,0.04767986377181779,4704,0.025608949391187283,295113,0.04800936768149883,410,0.030488993729615232,50666,0.04711848815880429,69254,0.08206189561041755,16098,0.1109026,5.06801273084798e-4,50,0.012752191698883262,146954,0.1990632318501171,1700,0.02203540781571568,36618,0.3428279257360265,503883,0.08823004654150247,17308,0.2968855104117466
1821,VictoryA,0.0985494,0.06672845227062095,72,0.16818872040550079,7864,0.1205298013245033,273,0.0033791775081945053,100,0.13400088352230893,30940,0.0984692375625552,669,0.0307325,0,0,NA,NA,0.02163355408388521,49,NA,NA,0.030204336188900536,6974,0.0710921401236385,483,0.7622830419416793
1926,VictoryA,0.2632676,0.5387520723767278,49069,0.1208035151405987,558004,0.040799471423852,247,0.5526879782012533,852304,0.08787062478808343,117397,0.23869184165637317,32464,1.707e-4,0,0,2.8576970771820683e-5,132,4.955401387512388e-4,3,0,0,4.999921408420975e-4,668,0,0,0.9993520304374875
1906,VictoryB,0.0177462,0,0,NA,NA,0.05193499748701625,310,6.240498585145976e-4,610,0.0253746939147936,28922,0.010797037037037037,911,0.1233785,0.13098467922119375,6566,0.1288518821330044,53899,0.0643323839839169,384,0.20494001960130376,200326,0.03804186184031016,43360,0.17312,14607,0.12574836297260508
1903,VictoryA,0.2104965,0.4165162454873646,14768,0.13028326067951637,43814,0.01818181818181818,106,0.42169429093246247,356268,0.07192921263417815,80632,0.2043739013545652,15812,0.0015275,0,0,NA,NA,0.002572898799313894,15,3.90602344324252e-5,33,0.0036039540014148196,4040,0.0014217764450418777,110,0.9927956269101612
1838,VictoryA,0.136514,0.13472706155632985,348,0.2258478010895587,11981,0.1413296141329614,304,0.08383139966404937,4292,0.11348179891656619,33790,0.11986628462273162,1255,0.0096588,0,0,NA,NA,0.011622501162250116,25,1.953201296925661e-5,1,0.02308929764875385,6875,0.013562559694364852,142,0.9339220429519035
1911,VictoryA,0.1200893,0.06714730237540596,3949,0.13991055787079856,64291,0.2219629802457614,1427,0.04104916286885983,47486,0.13678760282021152,163900,0.11367814930801091,11253,0.0037267,0,0,NA,NA,0.004666355576294913,30,9.508924557921453e-6,11,0.008896618950966778,10660,0.0050611172845742,501,0.9699013051624992
1908,VictoryA,0.1208453,0.06680532857921062,2698,0.15072949728678203,58887,0.22375243033052494,1381,0.04253640161302007,44039,0.13151551581247697,152500,0.1097325024185021,9755,0.0053671,0,0,0.012900583597829425,5040,0.004860661049902786,30,1.352232390795161e-5,14,0.008994798884748426,10430,0.005433193097707485,483,0.9574756521546219
1821,VictoryA,0.0985494,0.06672845227062095,72,0.16818872040550079,7864,0.1205298013245033,273,0.0033791775081945053,100,0.13400088352230893,30940,0.0984692375625552,669,0.0108699,0.009267840593141797,10,0.019911457108026605,931,0.018984547461368653,43,0,0,0.01705544535587759,3938,0,0,0.9006582933723758
1939,VictoryA,0.1381359,0.1311333432880394,17564,0.18041270789657488,5984123,0.15710898392904188,1789,0.09192632900200434,181115,0.11084795447238287,170315,0.15738604030093517,35124,0.0183111,0.003762878901000448,504,0.02919803888422943,968472,0.024150346886800737,275,0.012121495123130982,23882,0.02309573738312526,35486,0.01753812099242285,3914,0.882956528408982
1939,VictoryA,0.1381359,0.1311333432880394,17564,0.18041270789657488,5984123,0.15710898392904188,1789,0.09192632900200434,181115,0.11084795447238287,170315,0.15738604030093517,35124,0.0017939,5.748842765417352e-4,77,0.002064905212767904,68491,0.0032493193993150082,37,0.001103938191642655,2175,0.002408111038650833,3700,0.0013621841547512893,304,0.9871800002572719
1956,VictoryB,0.1701965,0.17413349829613922,48698,0.2761650437645075,26749408,0.24562924432885422,5100,0.13472526200521923,467891,0.07697390741140549,199658,0.11355231499328698,42711,0.0139219,0.01792897779080952,5014,0.008310532092100056,804960,0.014448779078167894,300,0.018393130635916043,63878,0.010723483329735065,27815,0.01372645459741848,5163,0.9243861558649218
1876,VictoryA,0.1015464,0.03305230172349474,443,0.1873353795250223,34424,0.19381768953068593,859,0.012421798787951835,3298,0.10863286607730761,91400,0.07401861475674565,2521,0.044463,7.461016190405133e-4,10,0.10726180369620583,19710,0.09273465703971119,411,3.276823816106154e-4,87,0.040692160130074186,34237,0.025015414427904517,852,0.6954785102876937
1827,VictoryA,0.1593984,0.11955815464587394,184,0.18879677991278931,7880,0.3359880537580886,675,7.411208026908386e-4,26,0.2115495017969911,53800,0.09975669099756691,820,0.0633493,0,0,NA,NA,0.09507217521154804,191,8.551393877201984e-5,3,0.11319471204888445,28787,0.1083941605839416,891,0.7156006549113638
1961,VictoryB,0.0487279,0.011661208208531185,4084,0.004982952887419721,638173,0.040746582544689804,775,0.011845562410391374,49002,0.14822022282018885,442372,0.07491083746359409,36652,0.1049435,0.024841457251278478,8700,0.06209980820910086,7953200,0.1156677181913775,2200,0.049938852801687514,206584,0.22428506188016387,669392,0.1528281641203822,74775,0.3170915342737816
1883,VictoryB,0.1629529,9.458948164964056e-4,20,NA,NA,0.22999080036798528,1000,1.9877343538803226e-4,75,0.4206761266712186,373361,NA,NA,0.110877,0.09785281876655316,2069,0.2245921474874181,38423,0.11867525298988041,516,0.08612720439739845,32497,0.0426579052331988,37860,0.09535689199990312,3937,0.5950880455348375
1858,VictoryB,0.2895613,0.5141309122858398,3511,0.19127036979003448,19531,0.0916222152494509,292,0.5702602402573855,73912,0.07661646160945845,28390,0.2934676102340773,5391,0.0834308,0.09371796749158003,640,0.0714607489815105,7297,0.009099466582993411,29,0.12356204334508646,16015,0.08058896712157972,29862,0.12215568862275449,2244,0.7763201955215673
1881,VictoryB,0.1105362,0.09792315680166147,1886,0.21255702777554328,36993,0.12639405204460966,578,0.08663886778451155,29421,0.04275740320720335,37590,0.09694652623050436,3829,0.0223994,5.192107995846313e-4,10,0.0322515772417518,5613,0.05488738246227859,251,3.09203668038942e-4,105,0.02895878500271855,25459,0.01747012355681588,690,0.8315018700784441
1919,VictoryB,0.0449633,0.012909142212189617,732,0.017418493844482817,273088,0.15861686097232136,2000,0.005991379240941682,7442,0.029476540122662286,36070,0.04536720251206824,4840,0.0058084,0,0,0.002138531395073456,33528,0.010230787532714728,129,4.516479110680306e-4,561,0.015524420091771983,18997,0.006505131930449454,694,0.8855976853246986
1849,VictoryA,0.0897646,0.03355544978581628,141,0.18009125616910326,15472,0.1476655808903366,408,0.01103282939478448,902,0.10807025872300023,36424,0.058171948356807515,793,0.0034184,0,0,0.002607319117236242,224,0.0021715526601520088,6,NA,NA,0.004610728696890577,1554,0.0077024647887323945,105,0.9633151969779895
1913,VictoryA,0.1127475,0.10530515098651737,7787,0.11445846246396453,67734,0.07798098024871983,533,0.17001312568732485,220455,0.03764758665509836,45648,0.17107974349592714,17768,3.667e-4,0,0,2.1122785909580958e-4,125,0.0010241404535479151,7,0,0,9.649420869800447e-4,1170,0,0,0.9967581435398916
1904,VictoryB,0.113226,0.07735115635224699,2766,0.1305494208905025,50305,0.20103986135181975,1160,0.04403200239935986,37584,0.1250999430159158,141600,0.10128362933005099,8064,0.1348405,0.14284515786235633,5108,0.15496985724036094,59715,0.0708838821490468,409,0.22351888148591606,190787,0.03764483454737409,42610,0.1791805873043784,14266,0.45643406102799045
1956,VictoryA,0.0492237,0.07505569282590584,20990,0.0467437593371661,4527611,0.036651736261619224,761,0.06689371818065856,232317,0.019818493045060604,51406,0.050178792188974704,18874,4.611e-4,0,0,NA,NA,8.669267446900737e-4,18,4.0311817668496915e-6,14,0.001434552632390587,3721,0,0,0.9907194957008985
1914,VictoryA,0.0315951,0.00482852755502474,283,0.014611282595963452,108347,0.04259548487860287,300,0.020233246930092,24190,0.04267391142123093,52039,0.06462789122229749,6678,0.0921649,9.554683501109026e-4,56,0.009141238712353665,67785,0.06531307681385773,460,0.011869781198219742,14191,0.3735449466442851,455522,NA,NA,0.25529330963154495
1835,VictoryB,0.04852,0.12281530467642891,260,0.039300795443386036,2001,0.006727534839019702,14,0.037096991771212735,1650,0.05208778160835738,15003,0.03309161474823818,324,0.1364132,0.13934813415210204,295,0.2322105469900815,11823,0.13887554060547813,289,0.07378928908673951,3282,0.11547287984362903,33260,0.11878255540802778,1163,0.26236500531002543
1854,VictoryA,0.0803422,0.04296545914069082,255,0.0979069831403504,17799,0.1674937965260546,540,0.01036799944933447,1205,0.10494519059145353,36983,0.0583735657407988,931,0.1369681,0.038921651221566975,231,0.1724909926015567,31358,0.3411910669975186,1100,0.001213184997805942,141,0.20033881663890488,70600,0.06765314439776789,1079,0.3697118820414863
1877,VictoryA,0.2332203,0.488328121591157,6715,0.12359084921531577,25051,0.05542062265400751,251,0.44807345697060313,121069,0.03956336076468426,33576,0.24434518696672966,8534,0.1318926,0.029088793542287834,400,0.3799933890168876,77022,0.18547140649149924,840,0.012142902083279361,3281,0.10864134686990376,92200,0.07601786634598866,2655,0.6387621472700636
1898,VictoryA,0.1574313,0.24901084512254135,8748,0.12892522929063002,38741,0.05824388527186345,331,0.2736515584326016,170616,0.03807150628569705,40381,0.19668489921730983,13017,0.1234668,5.692977711992258e-4,20,0.039828015388096855,11968,0.17596339961288052,1000,0.0011788688953437085,735,0.39979465654468627,424047,NA,NA,0.5604569771030847
1905,VictoryA,0.0623629,0.05115466630370673,2255,0.08092814532994806,41947,0.08829337094499294,626,0.053161175127809344,48114,0.034357999491901076,39220,0.06628207000632881,5446,7.055e-4,0,0,8.450312931679799e-4,438,0.0011283497884344146,8,7.844792438945969e-5,71,0.0021813212324026947,2490,0,0,0.988813732392133
1908,VictoryA,0.0294047,0.013296686970732432,537,0.04675181734411795,18265,0.03677900194426442,227,0.008547074590104557,8849,0.0291403887167449,33790,0.041913203896600595,3726,0.0164495,0,0,0.014078017815091635,5500,0.0516850291639663,319,7.44693695216478e-4,771,0.0217168768471462,25182,0.010472676550653558,931,0.6412651403797253
1910,VictoryA,0.1163161,0.11057987842360495,6476,0.14622190054901363,61417,0.058582677165354334,372,0.18225277256635153,208082,0.03784497009711486,44916,0.16241410027996947,15315,0.003782,0,0,NA,NA,0.004724409448818898,30,1.1386309451863062e-5,13,0.008914413207486758,10580,0.005260032238907271,496,0.9685090771627528
1972,VictoryA,1.35e-5,0,0,0,0,0,0,2.6053099737955107e-5,222,5.508352401720714e-5,209,0,0,0.0284563,0.04024593411524343,25293,0.030542904765189526,8151113,0.014603725923586991,370,0.0410187278365283,349523,0.014784786826762054,56097,0.02954184010731424,21362,4.7418668202797346e-4
1974,VictoryB,0.0080251,0,0,0.0016027818679029827,539000,0.03659447348767737,980,1.4905030842454262e-5,136,0.0049794646492723246,19652,0.004959243222047232,3870,0.1169184,0.030130924000736154,21120,0.07969305020371045,26800000,0.16056758775205376,4300,0.06237086873095499,569099,0.2306706846307805,910367,0.13807712071720651,107750,0.06422983188401157
1828,VictoryA,0.1437191,0.14276485788113696,221,0.2867083046379634,12073,0.12209589718240237,247,0.06609618536937738,2379,0.1239661417475352,32000,0.12068347472816346,1010,0.056853,0,0,NA,NA,0.06376668314384577,129,8.334954018836996e-5,3,0.11287504600306042,29137,0.10753972995578923,900,0.7165458206799451
1852,VictoryA,0.1276614,0.10578478964401294,523,0.2200198721051693,17272,0.13939606741573032,397,0.07991521252122198,7955,0.10391975487078685,35950,0.11693252352666356,1752,0.045368,0,0,0.03582074342054979,2812,0.05266853932584269,150,1.2055091769386094e-4,12,0.10624385731629762,36754,0.07735433491290129,1159,0.7378017839742842
1898,VictoryA,0.1027874,0.06387520992855313,2244,0.12877880276346793,38697,0.1632940348407531,928,0.04168704960391609,25991,0.12105647227863353,128400,0.09803269771236892,6488,0.1234668,5.692977711992258e-4,20,0.039828015388096855,11968,0.17596339961288052,1000,0.0011788688953437085,735,0.39979465654468627,424047,NA,NA,0.45430051685228384
1898,VictoryA,0.0821318,0.07187384361390226,2525,0.12425289192391145,37337,0.11508006334682386,654,0.06931428323969212,43216,0.036599783908540136,38820,0.07567012178537971,5008,0.1234668,5.692977711992258e-4,20,0.039828015388096855,11968,0.17596339961288052,1000,0.0011788688953437085,735,0.39979465654468627,424047,NA,NA,0.39947645557897765
1864,VictoryA,0.0567315,0.09434945788156797,905,0.019777888916082304,5576,0.0375886524822695,212,0.1246262969693417,21260,0.024501476705464383,19255,0.039545188529387175,946,0.0051885,0.001042535446205171,10,0.0012130627706779318,342,0.0047872340425531915,27,0.015030189342868866,2564,0.002954683402237772,2322,0.0061031686313853355,146,0.9162063953488372
1914,VictoryA,0.025675,0.015543422624125575,911,0.011793593702315633,87453,0.04884282266079795,344,0.00878920871192256,10508,0.02943113205303672,35890,0.03964966611826188,4097,1.837e-4,0,0,2.2426613526066455e-4,1663,2.839698991906858e-4,2,0,0,5.937068711729893e-4,724,0,0,0.9928960079199651
1931,VictoryB,0.0050696,0,0,NA,NA,0.016852039096730706,100,6.508073590692934e-7,1,0.008495209303182974,11982,0,0,0.0328862,0.020876857655094755,1409,0.04410608803441719,298244,0.05291540276373441,314,0.008789153384230808,13505,0.029246151206501224,41250,0.0413836877181847,7172,0.1335658845288467
1831,VictoryA,0.2989098,0.3715170278637771,600,0.15558157416468615,8903,0.0589622641509434,150,0.8021386220645729,30981,0.08764475820069506,24135,0.31761426978818286,2849,0.14995,0.1393188854489164,225,0.31759401649657487,18174,0.14661949685534592,373,0.06061155270175802,2341,0.11827593845438732,32570,0.11727982162764772,1052,0.6659313219851721
1939,VictoryA,0.1381359,0.1311333432880394,17564,0.18041270789657488,5984123,0.15710898392904188,1789,0.09192632900200434,181115,0.11084795447238287,170315,0.15738604030093517,35124,0.0010905,1.4932059130954158e-5,2,2.542126812874534e-4,8432,0.002546763853517169,29,6.796198798204667e-4,1339,0.001295173234301394,1990,0.001752019751670244,391,0.9921674337625623
1940,VictoryA,0.1373449,0.13272226650242736,18317,0.12321444772926889,6145214,0.1889168765743073,4200,0.09862600044953043,201846,0.12713971828107168,194077,0.15345012125892507,33978,8.149e-4,0,0,1.973167053423583e-4,9841,0.0014843468873695575,33,8.111092652131849e-4,1660,0.0018860310543300101,2879,5.103262023149842e-4,113,0.9941017575300485
1940,VictoryA,0.1373449,0.13272226650242736,18317,0.12321444772926889,6145214,0.1889168765743073,4200,0.09862600044953043,201846,0.12713971828107168,194077,0.15345012125892507,33978,4.908e-4,0,0,9.688388580573879e-5,4832,8.096437567470313e-4,18,3.2248922592813375e-4,660,7.494336666042139e-4,1144,9.664584716407665e-4,214,0.9964392388909403
1866,VictoryA,0.0658419,0.10198329853862213,977,0.0398023850950609,6268,0.05030559473436765,214,0.1252442308001135,23397,0.03097750561214361,24342,0.04673842667529945,1155,0.1093204,0.1315240083507307,1260,0.15355795730197233,24182,0.1076633756464504,458,0.10772384923799991,20124,0.048460414662329664,38080,0.10699255422466818,2644,0.3758908166882942
1920,VictoryB,0.0408321,0.011666782270930152,841,0.07242124265791347,449471,0.027207255268071485,306,0.02199729573111841,31317,0.044160790245720186,55936,0.06753936303062588,7734,0.1032007,0.0026912672539363253,194,0.1906801139866285,1183426,0.2711834266915622,3050,0.009175549194865401,13063,0.11027171012533908,139675,0.035201858336753676,4031,0.28349167689581817
1949,VictoryA,5.342e-4,0,0,NA,NA,0.001116348300669809,18,4.3310423562949317e-7,1,0.001554013713447838,3277,0,0,0.0707876,0.10925293475104739,15803,0.06772451039156521,3137333,0.04775489952865294,770,0.10270157429058609,237129,0.023864567017256335,50324,0.07342695363775467,18907,0.007489996046089694
1956,VictoryA,0.1701965,0.17413349829613922,48698,0.2761650437645075,26749408,0.24562924432885422,5100,0.13472526200521923,467891,0.07697390741140549,199658,0.11355231499328698,42711,0.0050237,0.005059733461107992,1415,0.0021957413602512422,212680,0.010354958339353657,215,0.0038615841910872297,13411,0.0038209758504765138,9911,0.0048493227165778245,1824,0.9713292188914292
1940,VictoryA,0.0033143,0,0,2.1081067370892748e-4,10514,NA,NA,1.9544801571402047e-6,4,0.010162556354922352,15513,0.006196173005098746,1372,0.0758349,0.03197594377219042,4413,0.11444332819005282,5707762,0.22490104354084203,5000,0.027827399857322948,56951,0.02685907371571046,41000,0.029002786471387862,6422,0.04187408084983803
1942,VictoryA,0.0935872,0.08830007252021164,13150,0.14312099112110044,13478623,0.1044362292051756,3390,0.10638757505172788,224075,0.03274730984909174,48400,0.0865311704805013,18601,0.0052328,0,0,2.1326993912266132e-4,20085,NA,NA,8.01912816076619e-4,1689,0.011839776343992898,17499,0.01330926717621172,2861,0.9470471564460636
1975,VictoryA,0.0280552,0.03121689670062036,20098,0.029847192899581546,11475228,0.013131579940379608,348,0.037330430483068514,342314,0.013930854143763858,56226,0.04287451040047294,34667,1.42e-5,0,0,0,0,0,0,3.1189209667608087e-5,286,5.4012844650882525e-5,218,0,0,0.9994941110248171
1960,VictoryA,0.0068123,0.005606300303698657,1942,0.003971642083003251,458355,0.007682132682132682,151,0.01162106454690047,47061,0.003943217665615142,11480,0.008049409674277213,3760,0.0127582,0,0,0.0033457351021180053,386121,0.016076516076516077,316,0.004818713022847278,19514,0.03304127875663615,96194,0.019267204007578434,9000,0.3480902378580006
1951,VictoryB,0.0146574,0,0,0.004057298816571291,288714,0.020561324149275213,400,0.005415642849791591,13471,0.03707457784586176,80689,0.020835453342830976,5733,0.0076385,0.0029833546045439615,554,0.003914899733366746,278581,0.01120592166135499,218,0.011206774558740288,27876,0.004716051345411706,10264,0.011804212882873715,3248,0.6574033790966052
1931,VictoryA,3.353e-4,0,0,2.3942730290541113e-4,1619,5.055611729019212e-4,3,0,0,6.380978445054813e-4,900,6.289489628112288e-4,109,7.052e-4,0,0,4.841784988958098e-4,3274,0.0011796427367711494,7,1.95242207720788e-6,3,0.0017228641801647995,2430,8.424453997288019e-4,146,0.32224891878904377
1908,VictoryA,0.0068268,0,0,0.00972151121122146,3798,0.004374594944912508,27,0.0069330886436626184,7178,0.0049932776167491266,5790,0.014938468806947288,1328,7.986e-4,0,0,NA,NA,0.0016202203499675956,10,1.7385845024509212e-4,180,0.002199111903749615,2550,0,0,0.8952710677472657
1961,VictoryA,0.0487279,0.011661208208531185,4084,0.004982952887419721,638173,0.040746582544689804,775,0.011845562410391374,49002,0.14822022282018885,442372,0.07491083746359409,36652,0.0018871,1.713203948364033e-5,6,0.0013330470447742726,170725,0.003943217665615142,75,6.838720064282518e-4,2829,0.002994747297674464,8938,0.0023504164324766237,1150,0.9627165859922947
1947,VictoryA,0.0528381,0.0097720368230549675,1277,0.005020537068440265,218680,0.021172305807066513,311,0.014859093512529986,33752,0.1794870993012154,344367,0.08671777187163661,19740,0.0114418,0,0,0,0,0.018721492273129553,275,2.6414600934812727e-6,6,0.036510674094934005,70050,0.013416214554000922,3054,0.8220003453645696
1909,VictoryA,0.0145169,0.0048178145331082495,254,0.022282450129122954,9241,0.017485822306238186,111,0.005984643283762165,6498,0.016737356314989214,19660,0.019793234312634952,1815,0.0012261,0,0,NA,NA,9.45179584120983e-4,6,0,0,0.0036369270690556417,4272,0.001548561582586316,142,0.9221177666264371
1911,VictoryA,0.0147431,0.0048630358266310725,286,0.019823074328367954,9109,0.022865142323845077,147,0.0054641738300565,6321,0.01663317220382438,19930,0.018809980806142036,1862,0.0012094,0,0,NA,NA,9.332711152589828e-4,6,0,0,0.0036587971370580065,4384,0.0014546923931710275,144,0.9241874314370787
1907,VictoryA,0.005469,0,0,0.007584282130073702,2905,0.004049266070524717,24,0.0026495387087539135,2869,0.005082592121982211,5820,0.013448507134762599,1163,0.0011684,0,0,0.0015220779627652214,583,0.0010123165176311793,6,0,0,9.955592816253815e-4,1140,0.0034806540391775945,301,0.823967216078585
1912,VictoryB,2.577e-4,0,0,3.7010923391523877e-4,179,6.472491909385113e-4,4,0,0,5.287846397315889e-4,640,0,0,0.0063464,0,0,0.009445022237568775,4568,0.0048543689320388345,30,0.003151657667458243,3801,0.006171908216867139,7470,0.014455724110308495,1469,0.03902121409427477
1952,VictoryB,0.0072042,6.642206477732793e-4,126,0.00484454001362504,442667,0.0029462079452575556,62,0.004715714351324611,12116,0.007767460771577648,17824,0.022286894664305286,6808,0.0020471,0.001280996963562753,243,0.0021181859740100326,193548,0.0019007793195210036,40,9.309993998323267e-4,2392,0.0027681166304455353,6352,0.0032834540758369863,1003,0.7787229902824467
1955,VictoryB,0.0073768,8.178670178242486e-4,218,0.004364215377245337,411867,0.006869662086891942,148,0.004172417558890473,13525,0.007498652041231494,18928,0.020537719883781155,7415,0.001989,0.0010879882347203306,290,0.0017903935382821044,168966,0.0019494987003341997,42,0.0011472991424409367,3719,0.0026713551729725254,6743,0.003287697033317361,1187,0.7876315958060176
1934,VictoryB,0.0013683,0,0,6.975436542099307e-4,5709,0.0014710208884966167,10,1.9404386786500382e-4,306,0.004149685475826021,6040,0.0016975422540408886,322,0.0020626,0,0,0.001208147075289507,9888,0.0019123271550456017,13,2.1116538561779827e-4,333,0.005516883173987243,8030,0.0035268812669358835,669,0.39881663703401443
1917,VictoryA,0.1027681,5.222629776277115e-4,43,NA,NA,0.028079371022089104,900,0.012819256400205047,17005,0.3696514519283291,459503,NA,NA,0.117214,0.03740860397891515,3080,0.13943409499092677,4040000,0.2823536752776738,9050,0.032628984108795944,43283,0.14850318284313607,184600,0.06295543210717308,6471,0.46716573757592095
1912,VictoryA,0.0012088,0,0,NA,NA,0.0011326860841423948,7,4.228743515926609e-5,51,0.003461886938242746,4190,0.001407194382419411,143,5.087e-4,0,0,7.050684288552873e-4,341,0.0011326860841423948,7,1.6583307905594545e-5,20,0.001198027699391881,1450,0,0,0.7038136826783115
1934,VictoryA,0.0013683,0,0,6.975436542099307e-4,5709,0.0014710208884966167,10,1.9404386786500382e-4,306,0.004149685475826021,6040,0.0016975422540408886,322,6.215e-4,0,0,1.81319807820553e-4,1484,7.355104442483084e-4,5,2.1877494906348468e-4,345,0.0014702528010376963,2140,0.0011229083854369854,213,0.6876570509598955
1939,VictoryA,0.0013783,0,0,2.2228535331266527e-4,7373,0.0013172916483709493,15,3.121480403955093e-4,615,0.004276024195658371,6570,0.0021418553485891985,478,6.72e-4,0,0,5.7704349144234556e-5,1914,7.025555457978396e-4,8,2.603771458908883e-4,513,0.0015685263792293263,2410,0.001442839795493142,322,0.6722430863776032
1911,VictoryB,0.0012082,0,0,8.59601971644016e-4,395,9.332711152589828e-4,6,1.313960484367328e-4,152,0.0041228234163016774,4940,0.001202141630467724,119,0.0011275,0,0,NA,NA,6.221807435059885e-4,4,1.590583744234134e-4,184,0.0034217765196026067,4100,0.0014344883321547632,142,0.5172753350173396
1902,VictoryA,0.0092965,0,0,0.006558924485125858,2293,0.00409766091855899,24,0.0013591732477210414,1044,0.016899558210889065,18782,0.026863954406196905,2008,4.578e-4,0,0,6.149885583524027e-4,215,5.122076148198737e-4,3,0,0,0.0016195934820360089,1800,0,0,0.9530668525675856
1919,VictoryB,0.0630602,0.0035094525959367944,199,0.09042572835433797,1417699,0.12292806725354906,1550,0.011812887342426404,14673,0.11625949488634739,142265,0.03342550499132962,3566,0.018781,0.009082251693002258,515,NA,NA,0.023792529145848205,300,0.02564490652256871,31854,0.019741191564822645,24157,0.015644186155504523,1669,0.7705190050976769
1953,VictoryA,0.0029603,0,0,5.819082641243848e-4,57339,0.0021179460629735963,45,1.3110386835073956e-5,35,0.00916829043175059,21456,0.005880791521042553,1861,8.855e-4,0,0,1.1028439816250178e-4,10867,0.0020708805949075162,44,1.123747443006339e-6,3,0.001986548388199501,4649,0.0011439261314440646,362,0.7697488168911539
1964,VictoryA,0.0010744,0,0,3.7692408092479545e-4,56114,0.0034934091014951793,75,2.0563467806760157e-6,10,0.0018584820574489601,5984,7.15748454182158e-4,396,0.0029767,9.229242855989202e-6,4,5.72956307779221e-4,85298,0.003959196981694536,85,2.0584031274566917e-4,1001,0.009342723471286701,30082,0.003770331503595913,2086,0.2652119177507344
1921,VictoryB,0.0046808,0.003754127278483875,166,0.0013199716998067562,7250,0.003089143865842895,35,0.0036149076755973932,4473,0.006292295092887567,8029,0.010014415331128635,1181,0.0065644,0.006716721697046452,297,0.001028485535477016,5649,0.002559576345984113,29,0.006024846125995655,7455,0.005097158710193142,6504,0.017959806664970747,2118,0.4162487105609504
1938,VictoryB,0.0011315,0,0,6.884428287651581e-4,14399,0.0028272894898586356,23,0.0010938188585729897,2003,0.0016816576000042206,2550,4.976092139131537e-4,110,0.0195729,0.01327376565954311,1441,0.007244499330323322,151521,0.037861094038106946,308,0.01504314932456822,27547,0.023124440683979605,35065,0.020890539544099487,4618,0.05465021927706187
1938,VictoryB,0.0195729,0.01327376565954311,1441,0.007244499330323322,151521,0.037861094038106946,308,0.01504314932456822,27547,0.023124440683979605,35065,0.020890539544099487,4618,0.0130477,0.01658069270449521,1800,0.009632127497756788,201459,0.020036877688998155,163,0.01506608511690974,27589,0.009628314101984949,14600,0.007341997765282257,1623,0.6000165539567023
1938,VictoryA,0.0046944,0.005959837877671334,647,0.002192077700758731,45848,0.0043023970497848806,35,0.003645698801714068,6676,0.006045394203623016,9167,0.006021071488349159,1331,0.0130477,0.01658069270449521,1800,0.009632127497756788,201459,0.020036877688998155,163,0.01506608511690974,27589,0.009628314101984949,14600,0.007341997765282257,1623,0.26459100106526284
1939,VictoryB,0.0068204,0.002000895923547857,268,0.002477126511539649,82164,0.012997277597260033,148,0.005560295581354154,10955,0.01297125756765165,19930,0.004915513216322909,1097,0.0042844,0.005472599671494699,733,0.001744425990509172,57861,0.0028980416264160883,33,0.003590463801232249,7074,0.006005308257738172,9227,0.005995402628477715,1338,0.6141848569987753
1918,VictoryA,0.0043679,0,0,5.931086565500741e-4,20974,0.00900237609183093,269,0.0015340214382967465,2099,0.007551675021971554,9469,0.007526266952846016,803,0.0373969,0.005375193881371343,402,0.0073167505914190295,258741,NA,NA,0.013184983691430016,18041,0.1144036098745189,143450,0.04670409492656501,4983,0.10458328544611731
1918,VictoryA,0.0021591,0,0,5.69665961962489e-4,20145,0.006726682507278873,201,5.853983668774149e-4,801,0.0032730039381319315,4104,0.0017995557346780014,192,0.0043679,0,0,5.931086565500741e-4,20974,0.00900237609183093,269,0.0015340214382967465,2099,0.007551675021971554,9469,0.007526266952846016,803,0.33079515857208525
1919,VictoryB,0.0027804,0,0,0.003396404743983132,53249,0.004599888968197319,58,2.7372600670789733e-4,340,0.003819610438961007,4674,0.00459296058489947,490,0.0058084,0,0,0.002138531395073456,33528,0.010230787532714728,129,4.516479110680306e-4,561,0.015524420091771983,18997,0.006505131930449454,694,0.32372391952309987
1908,VictoryB,0.0164495,0,0,0.014078017815091635,5500,0.0516850291639663,319,7.44693695216478e-4,771,0.0217168768471462,25182,0.010472676550653558,931,0.0027432,0,0,0.003079246442100952,1203,0.009559300064808814,59,2.1249366141066814e-4,220,0.0036082683157993684,4184,0,0,0.8570706570727411
1952,VictoryB,0.0028586,3.1629554655870446e-5,6,0.0011171617594960637,102080,0.009028701767724768,190,0.0014895211969725394,3827,0.0031703476836415726,7275,0.0023144586556498,707,0.0028355,1.7923414304993253e-4,34,0.0019293694395607225,176295,0.00812583159095229,171,1.1871020775453998e-4,305,0.0033699379570584576,7733,0.0032900013421896025,1005,0.5020284153773203
1960,VictoryB,0.0072474,0.020615134123950624,7141,0.0033245838583776492,383680,0.005596255596255597,110,0.008944276129986228,36221,0.003143926070851515,9153,0.0018603555869539622,869,0.0013258,0,0,0,0,0.0012718762718762718,25,6.494422081627724e-5,263,0.0048452115323316365,14106,0.0017725827686972159,828,0.8453552932393973
1966,VictoryB,3.772e-4,0,0,7.542296857290199e-5,13109,2.6399155227032733e-4,6,6.244017680119709e-6,34,0.0014024199870642188,4703,5.150147256693913e-4,302,3.122e-4,0,0,7.484186247587986e-5,13008,3.9598732840549105e-4,9,4.040246734195106e-6,22,0.0010758943893956414,3608,3.223105402368045e-4,189,0.5471424427038004
1976,VictoryB,0.0010245,0,0,1.321118296398972e-4,54000,3.4404984900034407e-4,9,0.0011110966759278677,10776,0.0033610179179885424,13853,0.0011984862986608737,1003,8.206e-4,1.1835825267711573e-5,8,2.441328751130752e-4,99788,9.556940250009557e-4,25,2.500379954644654e-4,2425,0.0028976132963644814,11943,5.639935523109994e-4,472,0.5552544577529673
1975,VictoryA,0.0068087,2.997741597780739e-4,193,NA,NA,0.02426323534960945,643,0.0011242292393824186,10309,0.005954296709403711,24032,0.0024017739982611255,1942,8.241e-4,0,0,1.742885371702558e-4,67008,0.002339534357194068,62,1.587814310350957e-4,1456,0.0017586384006053402,7098,5.132524249631138e-4,415,0.8920317576773923
1971,VictoryB,0.0098727,1.719368166586143e-4,100,0.00294644794247427,727215,0.016175528507367073,404,NA,NA,0.01677760806808766,62425,0.013292193233510918,9219,0.0526029,0.010962691430153246,6376,0.007798728662299183,1924810,0.062459961563100574,1560,0.018798724513402254,153174,0.14814984036747597,551226,0.06744717510254987,46779,0.15802489291819527
1918,VictoryA,0.0044691,0.00728726533668503,545,0.0024392562031731115,86259,0.0033800742947023192,101,0.0023510943149121647,3217,0.004627185392066634,5802,0.006729588632806276,718,0.1724337,0.18842595068727602,14092,0.24825502507166494,8779000,0.2677286570061243,8000,0.13878472468371314,189899,0.053282813379759375,66811,0.13812527532265473,14737,0.025263025797217457
1874,VictoryA,0.0227361,2.2301516503122213e-4,3,0.014911335358087587,2283,0.009995124329595319,41,8.740333700453479e-4,223,0.04248638535782398,35154,0.06792690611216132,2156,0.1682995,7.433838834374071e-4,10,NA,NA,0.24378352023403219,1000,0,0,0.42867087735582254,354690,NA,NA,0.11901498987623249
1854,VictoryA,9.854e-4,0,0,NA,NA,NA,NA,0,0,0.003941510146054375,1389,0,0,0.0106615,0,0,0.007557963640364146,1374,0.010235732009925558,33,0.01928189773108593,2241,0.009023759729627727,3180,0.01786945890024453,285,0.08460620422601721
1856,VictoryA,0.010071,0,0,0.01090743725381359,1631,0.008212664793602767,38,0.014159573621828016,1780,0.008875820944739083,3230,0.018270401948842874,315,9.796e-4,0,0,NA,NA,NA,NA,0,0,0.003918551290154159,1426,0,0,0.9113532296888857
1857,VictoryA,0.0022602,0,0,NA,NA,0.0011570726063060456,4,2.2359118279735698e-4,29,0.004134055680306961,1517,0.005786516853932585,103,8.074e-4,0,0,NA,NA,8.678044547295343e-4,3,0,0,0.0031693518498332207,1163,0,0,0.7367974964141347
1843,VictoryA,8.634e-4,0,0,NA,NA,7.754943776657619e-4,2,1.307702366941284e-4,8,0.0034107765421717484,1083,0,0,0.0030013,0,0,0.0036605912084545873,239,NA,NA,3.5961815090885315e-4,22,0.0022045647086982676,700,0.008781558726673985,104,0.223406732734753
1879,VictoryA,0.0030104,0,0,0.005356577051610859,896,0.0018424689083371719,8,0.0010537662642776692,305,0.002768524876129679,2387,0.007040928757625433,262,0.0017914,0,0,NA,NA,0.0011515430677107323,5,3.3513222175388167e-4,97,0.0025794718577764582,2224,0.0048910268469001105,182,0.6269315673289183
1891,VictoryA,0.1655897,0.3324506975457456,8412,0.07406995415062584,15315,0.007844756399669695,38,0.32447867232147504,162044,0.06514699853735316,64361,0.18954715632231484,10075,0.002281,0,0,NA,NA,0.0018579686209744012,9,3.784556606153809e-4,189,0.002659081822184658,2627,0.006509510281639794,346,0.9864121612645923
1897,VictoryB,0.0028765,0,0,0.005558588515559085,1456,0.002467261339912697,13,4.1095013692723825e-4,244,0.0026560552122450467,2774,0.00616590178264806,395,0.0055302,0,0,0.01225867288699191,3211,0.0037957866767887646,20,0.001490536357297565,885,0.003975465479899579,4152,0.011660578814273672,747,0.3421675568296716
1884,VictoryA,0.0025022,0,0,0.0022212929119575075,409,0.0031941592516541184,14,3.8525171977950935e-4,146,0.00274051781950298,2456,0.0064721110849611675,275,0.0018057,0,0,0.004078706544939091,751,0.0011407711613050423,5,0,0,0.003119905465525379,2796,0.002494704636385032,106,0.58083985236426106
1863,VictoryA,8.254e-4,0,0,NA,NA,7.684918347742555e-4,4,0,0,0.00335831322240569,2644,0,0,2.535e-4,0,0,NA,NA,0,0,0,0,0.001267623523434523,998,0,0,0.7650384651033459
1862,VictoryA,7.045e-4,0,0,NA,NA,2.1213406873143826e-4,1,0,0,0.0033102243793963915,2608,0,0,2.503e-4,0,0,NA,NA,0,0,0,0,0.0012514882047871328,986,0,0,0.7378508588186008
1856,VictoryA,0.0784092,0.11340790032564066,801,0.04090790538416783,6117,0.0056191917008861034,26,0.12232917031262429,15378,0.07752466269132478,28212,0.11066643466156255,1908,0.0014066,0,0,NA,NA,4.322455154527772e-4,2,0,0,0.006600533098843121,2402,0,0,0.9823769228648965
1851,VictoryA,0.0074407,0,0,NA,NA,0.007680491551459293,20,5.676888636582727e-4,53,0.021406959593780788,7344,0.007548224769359799,108,0.0026585,0,0,NA,NA,0.0019201228878648233,5,5.891110849283963e-4,55,0.0028157847178094013,966,0.007967570589879788,114,0.7367613276299113
1891,VictoryB,0.1655897,0.3324506975457456,8412,0.07406995415062584,15315,0.007844756399669695,38,0.32447867232147504,162044,0.06514699853735316,64361,0.18954715632231484,10075,5.583e-4,0,0,0.0012913273103635063,267,0.001032204789430223,5,0,0,0.001026383314691756,1014,0,0,0.996639742879842
1876,VictoryA,2.735e-4,0,0,NA,NA,6.768953068592057e-4,3,0,0,6.905437110603471e-4,581,0,0,2.963e-4,0,0,8.924878643418446e-4,164,2.256317689530686e-4,1,0,0,6.596415828545485e-4,555,0,0,0.47999297999297996
1890,VictoryA,3.696e-4,0,0,8.23125193642514e-4,178,6.319780914261639e-4,3,0,0,7.624400537904017e-4,745,0,0,5.022e-4,0,0,0.0018867139270008185,408,4.213187276174426e-4,2,0,0,7.051291235725996e-4,689,0,0,0.42395044735030973
1840,VictoryA,0.0283546,0.010526315789473684,30,0.042597066834920976,2768,0.03331927456769296,79,6.084248953151283e-4,34,0.04342731072769469,13267,0.03964918691759547,434,0.0098209,0,0,0.013465474523322201,875,0.013074652045550401,31,1.0736909917325794e-4,6,0.01090019934598804,3330,0.021377672209026127,234,0.7427433825359196
1860,VictoryA,0.0773722,0.11223118279569892,835,0.05531918227905628,7060,0.006290721186250281,28,0.12723843460952236,18282,0.039134576099010616,31513,0.12401898585459843,2639,0.0051923,0,0,NA,NA,0.005841383958660975,26,3.6886757654002215e-4,53,0.010446484122263107,8412,0.009304948540814888,198,0.9371121971307281
1850,VictoryB,0.0724712,0.13405202718537615,572,0.05403911618033137,4302,0.007251381215469613,21,0.08692025549321845,7607,0.06848520535845723,23261,0.0840793525746616,1174,0.0085846,0,0,NA,NA,0.007941988950276244,23,2.1710067758264108e-4,19,0.02251729721772413,7648,0.01224665186564492,171,0.8940902440047473
1843,VictoryA,0.0510815,0.11335458731845555,320,0.020891407566242918,1364,0.0081426909654905,21,0.048499411533934875,2967,0.05970276168970437,18957,0.0558979988178671,662,0.0086916,0,0,NA,NA,0.0077549437766576195,20,1.307702366941284e-4,8,0.02265347707095234,7193,0.012919023895972305,153,0.854590108259401
1838,VictoryB,0.0096588,0,0,NA,NA,0.011622501162250116,25,1.953201296925661e-5,1,0.02308929764875385,6875,0.013562559694364852,142,0.0532727,0.1200154858691444,310,0.058116081358743805,3083,0.008368200836820083,18,0.037540528926911204,1922,0.05462172173953929,16264,0.04097421203438396,429,0.15348116602973075
1898,VictoryA,0.1970619,0.3405254618428169,11963,0.19970914367104614,60011,0.041527362308639806,236,0.33244263239018473,207271,0.06929068826827019,73494,0.19887582726421082,13162,0.0170124,0.0074578008027098575,262,0.019764253291268987,5939,0.02692240014077072,153,0.006316171033827924,3938,0.017347656463604807,18400,0.024266416850503156,1606,0.9205303952879911
1818,VictoryA,0.0361265,0.10180995475113122,90,0.03702124360365948,1910,0.008318478906714201,14,0.010951949229374433,302,0.041061423648396676,9139,0.017596229379418696,112,0.0440298,0.011312217194570135,10,0.09073112110404714,4681,0.0748663101604278,126,0,0,0.05050568587718865,11241,0.036763550667714064,234,0.4507006935200352
1896,VictoryB,0.0021859,0,0,0.0037390852345446047,856,0.004981071926678621,25,2.4819093451807834e-4,141,0.0023480519079609958,2434,0.0017990567108056856,111,0.0198134,3.3219280470385014e-4,10,0.026479362957721256,6062,0.052002390914524806,261,2.9219641936170925e-4,166,0.026516393917059938,27487,0.013257913418369828,818,0.09936225243530478
1878,VictoryB,0.001692,0,0,0.0025486703924338266,498,0.002644964394710071,13,2.5747694661767246e-4,70,0.0019210500656987514,1655,0.0027796890050915094,101,0.0266848,7.12809180982251e-4,10,NA,NA,0.06836215666327569,336,3.2736354641389786e-4,89,0.03994043003663344,34409,0.024081464153020503,875,0.059626173493840036
1868,VictoryB,0.0013504,0,0,0.0022866618080675033,342,0.003833253473885961,16,1.6243325008629265e-4,32,0.0018200253485424589,1436,0,0,0.0236339,9.539254030334828e-4,10,0.03664676423981867,5481,0.03186391950167705,133,2.8425818765101215e-4,56,0.0425234474017744,33551,0.029530804976765104,788,0.05404994336443286
1829,VictoryA,0.0561793,0,0,NA,NA,0.06105063890203502,129,8.186879161663574e-5,3,0.11293132828625149,29491,0.10683258980981451,910,0.0010764,0,0,NA,NA,0.00236630383341221,5,1.0915838882218098e-4,4,0.0029064758119176997,759,0,0,0.9812001250530515
1859,VictoryA,0.0267245,0.004891000558971493,35,0.03206714809853823,4405,0.03833075734157651,124,0.004666939853389792,615,0.04157427198326356,15580,0.03881661770877046,740,0.0027043,0,0,NA,NA,0.0030911901081916537,10,0,0,0.005184776024613677,1943,0.005245488879563575,100,0.9081070244114609
1893,VictoryA,0.0192033,0.009510145521623284,232,0.028875968088628193,6193,0.026933981368975294,133,0.006756413616022004,3326,0.017819470939907794,18000,0.025323899987525173,1421,0.0015295,0,0,NA,NA,0.002025111381125962,10,0,0,0.0033589702721726193,3393,0.00226329014666833,127,0.9262280058651027
1850,VictoryB,0.0073366,0,0,NA,NA,0.006906077348066298,20,5.827439240376156e-4,51,0.02153098778153982,7313,0.007663109646924013,107,7.562e-4,0,0,NA,NA,0.0027624309392265192,8,0,0,0.0010186957161784189,346,0,0,0.9065589165678133
1858,VictoryA,0.0020285,0,0,NA,NA,0.0037652965171007216,12,0,0,0.0063770587806675,2363,0,0,6.328e-4,0,0,NA,NA,NA,NA,0,0,0.002531392778783798,938,0,0,0.7622214707098034
1899,VictoryA,0.0010547,0,0,0.0010783989626829025,336,5.597014925373135e-4,3,3.228139989757992e-5,22,0.0027925962076038647,2987,0.0018652606224389384,127,0.0011679,0,0,0.0016208079647466243,505,1.8656716417910448e-4,1,2.64120544616563e-5,18,0.003602234076966083,3853,0.0015715187921335938,107,0.47453432916404215
1887,VictoryA,1.083e-4,0,0,NA,NA,2.2055580061755624e-4,1,0,0,3.211269755138032e-4,303,0,0,3.79e-4,0,0,NA,NA,2.2055580061755624e-4,1,0,0,0.0016745235026792377,1580,0,0,0.2222450235994254
1970,VictoryB,0.0038904,6.727517058460441e-5,40,0.0010168213119015218,239019,0.007011217948717949,175,0.0018694135110300023,14546,0.009942096921366952,36370,0.0034357625298382533,2313,0.0011094,0,0,5.082894128387522e-4,119481,0.003405448717948718,85,2.4431150037591327e-4,1901,0.001896570482277809,6938,6.015926608666202e-4,405,0.7781111244449778
1826,VictoryA,0.3298248,0.39334341906202724,520,0.2711612079965972,11475,0.07809224318658281,149,0.8240525908739366,27703,0.08983041405709101,22576,0.3224688823302964,2513,0.005787,0,0,NA,NA,0.009433962264150943,18,0,0,0.019501189727755275,4901,0,0,0.9827568637336351
1849,VictoryA,0.304769,0.5164207520228463,2170,0.13977092839184282,12008,0.07347086500180963,203,0.6913865649004355,56525,0.08222762876809875,27714,0.325337441314554,4435,0.0073611,0,0,NA,NA,0.007238508867173362,20,4.5256617251333234e-4,37,0.021338713505815333,7192,0.007775821596244132,106,0.9764165647593743
1872,VictoryA,0.0975071,0.12649643623278667,1828,0.09726901297398036,13570,0.10314009661835749,427,0.1413904215044454,34621,0.05062461817962797,41185,0.06612209224149522,1967,3.498e-4,0,0,NA,NA,9.66183574879227e-4,4,0,0,7.830006502470078e-4,637,0,0,0.9964253925885656
1886,VictoryA,0.200533,0.3534315914842936,7122,0.16050730173975683,29412,0.059020044543429843,265,0.3596196663868307,137935,0.03963682525544593,36313,0.23098278734036645,10400,6.136e-4,0,0,NA,NA,6.681514476614699e-4,3,2.607167625235297e-6,1,0.0023970057076242463,2196,0,0,0.9969494885819596
1899,VictoryA,0.1686449,0.24395341132094706,9572,0.20395541333812622,63547,0.06175373134328358,331,0.2692914379456117,183524,0.038120293863019745,40774,0.1947948947669893,13263,0.0041102,0,0,0.005119185552021516,1595,0.006716417910447761,36,0.0011518590418000108,785,0.005020502723412371,5370,0.006653252456416056,453,0.9762079382895208
1921,VictoryA,0.2532295,0.4545886290650866,20101,0.20324687549043777,1116342,0.034157105030891435,387,0.5031138473673321,622541,0.08506079521631968,108538,0.23920970066988892,28210,0.0017549,0,0,0.0031759429422660765,17444,0.001588702559576346,18,1.8587721113065067e-5,23,0.0024137836450484128,3080,0.003332485372678708,393,0.993117618175857
1922,VictoryA,0.1443791,0.004717890895064018,318,0.3183878171654382,1646534,0.3815175922000848,3600,0.012897531235394458,17330,0.106366168034671,136508,0.042387529012823257,5150,0.1363642,4.4508404670415264e-4,30,NA,NA,0.1659601526070369,1566,0.015780683918944265,21204,0.36327099264597024,466214,NA,NA,0.5142744279204526
1923,VictoryA,0.0290861,0.014765395704847238,1142,0.03865100345969,186033,0.040311082307193775,311,0.006852936656569155,10524,0.029748957434264464,38500,0.04418712663559634,5518,0.0041234,0,0,NA,NA,0.012961762799740765,100,0,0,0.007655140813019689,9907,0,0,0.8758367334648217
1933,VictoryA,0.2051403,0.3586132506874497,23605,0.10139061927022573,570400,0.03773584905660377,244,0.44693671683377195,649968,0.08727435839216316,125690,0.19889111585551827,36518,0.0018172,0,0,0.0014031864455104522,7894,0.002010516548097742,13,1.787834883821676e-5,26,0.002749673476274692,3960,0.004722016469870594,867,0.9912194532693911
1944,VictoryA,0.1362128,0.12531554643406875,18318,0.26840274403081626,50736000,0.1391746723899071,6128,0.1137603919165844,250837,0.058331264802920765,90238,0.11229192719495544,25412,0.0045461,0.0047477338806225415,694,0.002294024541076063,433638,NA,NA,0.0034563000944688766,7621,0.006139010415050627,9497,0.006093600173219091,1379,0.9677029303298051
1876,VictoryA,0.2349572,0.49697828844288594,6661,0.12139467554800931,22307,0.055054151624548735,244,0.45272145867623853,120198,0.039459640632019836,33200,0.24413517719251887,8315,0.044463,7.461016190405133e-4,10,0.10726180369620583,19710,0.09273465703971119,411,3.276823816106154e-4,87,0.040692160130074186,34237,0.025015414427904517,852,0.8408740670860589
1826,VictoryA,0.1383329,0.15582450832072617,206,0.25057894985585333,10604,0.12421383647798742,237,0.04750431316556607,1597,0.12573711393533293,31600,0.12613884255100732,983,0.005787,0,0,NA,NA,0.009433962264150943,18,0,0,0.019501189727755275,4901,0,0,0.9598459338370344
1852,VictoryB,0.0718738,0.10275080906148867,508,0.0538330233624621,4226,0.007373595505617977,21,0.10317149372632932,10270,0.07200959703994912,24911,0.09210438496963225,1380,0.0019935,0,0,NA,NA,0.0038623595505617976,11,0,0,0.00610510493149101,2112,0,0,0.9730124155072678
1918,VictoryA,0.0292856,0.010870727924265924,813,0.008447174856966336,298716,0.022087614203005253,660,0.021857064866670224,29907,0.043655205304435625,54739,0.0687955161069611,7340,0.0861511,7.621543563138472e-4,57,0.005471055497285017,193472,0.043505906763495195,1300,0.013491934145972481,18461,0.3675246870947624,460837,NA,NA,0.25369401585457657
1920,VictoryB,0.0353232,0.010737323992508844,774,0.04924301625659688,305619,0.07468658308882369,840,0.004885946581909495,6956,0.028713671718336012,36370,0.04367266026844582,5001,2.04e-4,0,0,2.405603816225403e-4,1493,3.5565039566106516e-4,4,0,0,6.276428104502923e-4,795,0,0,0.9942579206917516
1922,VictoryB,0.0021718,0,0,NA,NA,0.00582874099194574,55,0,0,0.0050304742640126295,6456,0,0,0.1443791,0.004717890895064018,318,0.3183878171654382,1646534,0.3815175922000848,3600,0.012897531235394458,17330,0.106366168034671,136508,0.042387529012823257,5150,0.014819424513940208
1923,VictoryA,0.0290861,0.014765395704847238,1142,0.03865100345969,186033,0.040311082307193775,311,0.006852936656569155,10524,0.029748957434264464,38500,0.04418712663559634,5518,0.0062642,6.594003335789923e-4,51,0.00289644116490912,13941,0.019961114711600777,154,0.0016350934953102574,2511,0.009598481798660602,12422,0.002834766732330755,354,0.8227964119116387
1925,VictoryB,0.1016978,0.021113308844306303,1868,0.31788113638359533,1447885,0.09269338611248557,562,0.015731183972184738,24586,0.1065373743373566,140619,0.056230244551655297,7436,0.0035203,0,0,NA,NA,0.012535048655780966,76,0,0,0.005066281385829111,6687,0,0,0.9665428286578069
1941,VictoryA,0.0035196,0,0,3.5996142602236843e-4,21856,NA,NA,2.946561166681072e-6,6,0.01058928246828816,15787,0.006645712978054669,1423,0.0666311,0.04703424483372391,6844,0.04825480881438413,2929917,0.12380223850551574,3075,0.032825673583882706,66842,0.04844091982611227,72218,0.09942883296049466,21290,0.05017198687967476
1865,VictoryA,0.1354652,0.08945585432987507,845,0.21445462607153415,30471,0.20178435839028094,1063,0.1271185965227246,22658,0.045413435131205535,35701,0.13456442868207574,3301,0.1106782,0.12746135930552616,1204,0.16781385921202652,23844,0.09092634776006074,479,0.10362258265401726,18470,0.048363317657444733,38020,0.12588153764624352,3088,0.550350730509126
1961,VictoryA,0.2106549,0.2538882591278079,88917,0.37329221330542345,47808000,0.12129337539432176,2307,0.34979291659444794,1447002,0.061547116341141184,183691,0.10411527259721015,50941,5.211e-4,0,0,2.4673765772363165e-4,31600,9.989484752891693e-4,19,1.1119870023223607e-5,46,0.0011194283644585348,3341,7.50089418016453e-4,367,0.9975323900443233
1953,VictoryB,0.0021117,0,0,6.569365659202232e-4,64732,6.589165529251188e-4,14,1.7080961133696354e-4,456,0.008036355245615833,18807,0.0031473768699400227,996,0.0067028,9.394964299135663e-5,20,0.0014779448963654455,145631,0.02823928083964795,600,9.784094403775191e-4,2612,0.0036034765665059992,8433,0.005823911216164119,1843,0.23957116115491522
1949,VictoryB,0.0170915,2.0740290087524024e-5,3,0,0,0.09302902505581742,1500,7.618303504722785e-4,1759,0.0033664764576643888,7099,0.005370998935897536,1383,0.0707876,0.10925293475104739,15803,0.06772451039156521,3137333,0.04775489952865294,770,0.10270157429058609,237129,0.023864567017256335,50324,0.07342695363775467,18907,0.1944887919880836
1838,VictoryA,0.0085037,0,0,0.023902429829025996,1268,0.00697350069735007,15,3.906402593851322e-5,2,0.020107000003358442,5987,0,0,0.3039156,0.43360433604336046,1120,0.16081358743802898,8531,0.07205950720595072,155,0.7417477245204891,37976,0.08699711509721014,25904,0.3282712511938873,3437,0.027218869000730745
1866,VictoryA,0.0981717,0.1278705636743215,1225,0.11316501352569883,17821,0.018100611189468735,77,0.14370674103773332,26846,0.046498073291286794,36538,0.13968921981223698,3452,0.0093401,0,0,0.01656739354068505,2609,0.018100611189468735,77,9.153636563157415e-4,171,0.010462002860793386,8221,0.009995144059566202,247,0.9131248848963556
1876,VictoryA,0.030691,0.0014175930761769753,19,0.043895165327934874,8066,0.0351985559566787,156,0.005826720050018644,1547,0.03274437046422128,27550,0.06506356616459673,2216,2.963e-4,0,0,8.924878643418446e-4,164,2.256317689530686e-4,1,0,0,6.596415828545485e-4,555,0,0,0.9904380181558251
1982,VictoryA,0.0032256,0,0,6.008772565021342e-4,459086,0.00881121961964902,240,0.0011119370329109666,11638,0.00717493913615703,32775,0.0016547324152322998,1662,7.319e-4,0,0,1.5903249293442148e-4,121505,0.0019825244144210294,54,2.1468658815526227e-4,2247,0.0015801284724570998,7218,4.5500163282861673e-4,457,0.8150600126342388
1973,VictoryA,0.0069416,2.8853908334018613e-4,200,0.006152331658220653,1814697,0.011139339456712917,285,0.006605478696057174,60013,0.008036424072895683,31106,0.00942736025868934,7032,0.0027432,0,0,0.002231035037618924,658068,0.004103967168262654,105,9.181827817724318e-4,8342,0.0026902618102958515,10413,0.006515496424520789,4860,0.7167520237898563
1980,VictoryB,0.0059016,3.616651620468579e-4,260,0.005331247206354007,3386780,0.016091609909437917,430,0.0015604655833767577,16665,0.003000996100382617,13238,0.009063402499825195,8555,0.0078179,7.859262175249028e-4,565,0.005331447121434173,3386907,0.011413816331112941,305,0.006073502470386034,64862,0.008907096070413461,39291,0.0143955012469462,13588,0.43016144903239917
1870,VictoryA,0.0989996,0.14134157547406231,1692,0.06609706117804619,13128,0.012471938139186829,50,0.17727547874561844,37779,0.049778954249018265,39905,0.1470326462316209,4130,0.005307,0,0,0.007250134681321337,1440,0.004489897730107259,18,3.8947205420700203e-4,83,0.011488890330371088,9210,0.008223859873972018,231,0.9491211486137981
1953,VictoryB,6.525e-4,0,0,1.2124484262882202e-4,11947,5.64785616792959e-4,12,1.3934468293278605e-4,372,0.0015002734762246607,3511,0.0015894885196584654,503,0.001699,0,0,3.6561201142930793e-4,36026,0.001694356850378877,36,0.0011937943669537343,3187,0.00360005811369774,8425,0.0033401379031391606,1057,0.2774824580055284
1943,VictoryB,0.0014733,0,0,8.33142076638754e-5,12953,8.43303642017604e-4,32,3.699755825577803e-4,782,0.004753349119313789,7040,0.0027899468603766893,598,7.496e-4,0,0,1.6144419148948297e-5,2510,NA,NA,2.3703039240594365e-4,501,0.001782505919742671,2640,0.0017122249126392058,367,0.6627828512303748
1942,VictoryA,0.0014577,0,0,1.0699068491909063e-4,10076,9.858287122612446e-4,32,3.1478282833558225e-4,663,0.004682053391647,6920,0.00265627107920898,571,7.325e-4,0,0,1.770082093689203e-5,1667,NA,NA,2.383423526764137e-4,502,0.0017456210622036504,2580,0.0016607509199257546,357,0.665555657017624
1886,VictoryA,1.092e-4,0,0,NA,NA,2.2271714922048998e-4,1,0,0,3.230936655085505e-4,296,0,0,4.305e-4,0,0,NA,NA,4.4543429844097997e-4,2,0,0,0.0017071570704573413,1564,0,0,0.20233463035019458
1963,VictoryB,3.052e-4,0,0,6.904103575472305e-5,10000,3.827384939240264e-4,8,4.9612215821767035e-6,23,0.0013746787297191918,4319,0,0,0.0371322,0.05996074248590739,22880,0.03617446492990167,5239560,0.021529040283226487,450,0.05345155421051326,247799,0.017068105320951994,53625,0.034609595501980533,18602,0.008152275531954677
1871,VictoryA,0.1198476,0.1130607383882493,1424,0.16359327335788865,27404,0.18601190476190477,1000,0.1430989252771431,32129,0.05037192725719147,41030,0.06294883688966774,1832,0.1373235,0.06828106391425169,860,0.32429124903738815,54323,0.18601190476190477,1000,0.08427198995203164,18921,0.044429930476182294,36190,0.11665464041507749,3395,0.4660228151608015
1875,VictoryA,0.0222555,1.4682131845543972e-4,2,0.012815895115290667,1957,0.009757258448357925,41,0.0022368411126115592,593,0.04234339442567365,35316,0.06623262040220268,2177,0.166604,7.341065922771986e-4,10,NA,NA,0.23798191337458352,1000,0,0,0.4276999369333292,356718,NA,NA,0.11784157005604695
1879,VictoryA,0.021155,4.2851021282673904e-4,6,0.009983798745747919,1670,0.010133578995854445,44,0.003330592389389092,964,0.042292204056637035,36464,0.06076160275187444,2261,0.1635744,7.141836880445651e-4,10,NA,NA,0.2303086135421465,1000,0,0,0.42327463024477147,364944,NA,NA,0.11451885839503619
1909,VictoryA,0.0343469,0.001953680696496652,103,0.042729931689015024,17721,0.04300567107750473,273,0.014655836961296912,15913,0.04133599178626583,48554,0.06240048856027394,5722,0.1371975,7.018076288386032e-4,37,NA,NA,0.1575299306868305,1000,0.008335950501897716,9051,0.3822221351962936,448965,NA,NA,0.20022163358290918
1933,VictoryA,0.0491846,0.04858484116494235,3198,0.039134574894409954,220162,0.05737704918032787,371,0.029150647780712424,42393,0.046822217639433096,67432,0.074038168271535,13594,0.1225847,5.317290308858606e-4,35,0.019313455391949223,108653,0.2629137024435509,1700,0.019775516701472144,28759,0.34397998571003024,495390,0.08899394361901443,16340,0.2863410399879373
1935,VictoryA,0.0468279,0.04767986377181779,4704,0.025608949391187283,295113,0.04800936768149883,410,0.030488993729615232,50666,0.04711848815880429,69254,0.08206189561041755,16098,0.1109026,5.06801273084798e-4,50,0.012752191698883262,146954,0.1990632318501171,1700,0.02203540781571568,36618,0.3428279257360265,503883,0.08823004654150247,17308,0.2968855104117466
1978,VictoryA,0.1708518,0.21201522578217472,151000,0.32356188162572724,163000000,0.14734774066797643,3900,0.1713225017690512,1766924,0.06121920065162258,261253,0.109644065277221,97367,0.1396744,0.17454609786678985,124314,0.2168599072513241,109247000,0.07782983225026446,2060,0.25335702798620596,2612982,0.05215816000980433,222585,0.06329530149950227,56208,0.5502009170240708
1856,VictoryB,5.689e-4,0,0,NA,NA,0.0017289820618111088,8,0,0,0.0011156604654997116,406,0,0,0.0093911,0,0,0.02113274170573326,3160,0.005835314458612492,27,5.886564314692546e-4,74,0.021771866670330577,7923,0.007018154399396787,121,0.057118473895582327
1939,VictoryA,0.1779559,0.17719127967746753,23733,0.36178275325538906,12000000,0.2415034688680074,2750,0.1294526141510157,255050,0.051935795854664644,79798,0.10586949021154182,23627,0.0121637,0.018075257578020008,2421,0.00810218505627998,268742,0.014314569245630984,163,0.015604864230829161,30745,0.009554343256052495,14680,0.007330701569648386,1636,0.9360207995388167
1976,VictoryA,0.0032041,1.0356347109247626e-4,70,0.008681780261608481,3548631,0.006575174892006575,172,0.0012346206011099006,11974,8.571772398941399e-4,3533,0.0017720390637229072,1483,0.1424627,0.17179848323899194,116121,0.2226647027965919,91013000,0.07932260407507932,2075,0.2615095324794716,2536257,0.052899699830262895,218035,0.06658111171254491,55721,0.021996089706096383
1898,VictoryA,0.030992,3.4157866271953543e-4,12,0.045645141967173834,13716,0.055956361076896007,318,0.007472585283546038,4659,0.030103840808853338,31930,0.046432564745701246,3073,0.0010013,0,0,6.056733623524088e-4,182,1.7596339961288053e-4,1,2.566245214353651e-5,16,0.003598695908781497,3817,0.0016016439515276057,106,0.9687028221533882
1902,VictoryB,0.0010519,0,0,NA,NA,1.7073587160662456e-4,1,4.0358592604743565e-5,31,0.00359009888517982,3990,0.0014582525051172622,109,8.791e-4,0,0,0.0014645308924485126,512,0.001536622844459621,9,5.988694386510336e-5,46,0.002213444425449212,2460,0,0,0.5447436561367167
1918,VictoryB,0.1427972,0.12959298283147028,9692,0.22917465115701008,8104264,0.1412937987349821,4222,0.15108759123554136,206733,0.03438568172429248,43116,0.1712483480640717,18271,0.0373969,0.005375193881371343,402,0.0073167505914190295,258741,NA,NA,0.013184983691430016,18041,0.1144036098745189,143450,0.04670409492656501,4983,0.7924632382525287
1920,VictoryB,0.1276359,0.12779357702712077,9212,0.23776662646048188,1475661,0.05299190895349871,596,0.14978629251760409,213247,0.036689077594020104,46472,0.16078804656321227,18412,0.1032007,0.0026912672539363253,194,0.1906801139866285,1183426,0.2711834266915622,3050,0.009175549194865401,13063,0.11027171012533908,139675,0.035201858336753676,4031,0.5529274820370773
1960,VictoryA,0.0013258,0,0,0,0,0.0012718762718762718,25,6.494422081627724e-5,263,0.0048452115323316365,14106,0.0017725827686972159,828,6.422e-4,0,0,1.5063220859580135e-4,17384,2.5437525437525436e-4,5,1.135906523782796e-5,46,0.0023278036689785555,6777,0.0011089346306584031,518,0.6736788617886178
1960,VictoryA,0.17179,0.18849524821302788,65294,0.32025835538032055,36960032,0.18315018315018314,3600,0.15549696033883598,629705,0.07361898075380033,214329,0.10972030442182332,51252,0.0072474,0.020615134123950624,7141,0.0033245838583776492,383680,0.005596255596255597,110,0.008944276129986228,36221,0.003143926070851515,9153,0.0018603555869539622,869,0.9595201896363553
1887,VictoryA,0.1946572,0.34848691075722515,7681,0.14721491041861254,27740,0.06021173356859286,273,0.34671367758562094,141800,0.03878747541205996,36598,0.2265284309533989,10597,5.038e-4,0,0,NA,NA,0.0015438906043228936,7,0,0,9.750390015600624e-4,920,0,0,0.9974185416143594
1919,VictoryB,0.1035382,6.172404063205418e-4,35,0.013682250897417148,214511,0.10944563407090174,1380,0.01625368926301688,20189,0.37769197138152383,462176,NA,NA,0.0630602,0.0035094525959367944,199,0.09042572835433797,1417699,0.12292806725354906,1550,0.011812887342426404,14673,0.11625949488634739,142265,0.03342550499132962,3566,0.6214837597479929
1946,VictoryB,0.1225411,0.12559286305804412,13346,0.10504164855744752,8764724,0.15626953369171145,2500,0.08910120690202049,179782,0.11685687249370551,174000,0.14238462590478312,28110,0.1327105,5.646314838515396e-4,60,0.009459439134237807,789300,0.2599074884360545,4158,0.00836981000412345,16888,0.37157060337770087,553269,0.14639125127264807,28901,0.48007965474065584
1916,VictoryB,0.1501177,0.1881714307406142,14871,0.2108758521203198,4974000,0.15698371893744645,4580,0.14822236967643398,188756,0.054880663025515884,67715,0.1415722916140562,14576,0.232936,0.5499247111819712,43460,0.01176143742884424,277421,0.006135389888603256,179,0.5073716199502931,646120,0.08263586033736432,101961,0.23978709765146952,24688,0.39189727184465256
1987,VictoryB,0.0105868,0,0,0.015330072441736824,13990000,0.031797625777275296,900,0.0026180643134913213,31708,0.0032654990724422872,16330,0.010509375742566189,12251,0.1340296,0.11017733051973086,80876,0.3002086223425926,273966000,0.08055398530243076,2280,0.2115196646288348,2561765,0.04855335191581611,242804,0.05316452221414901,61975,0.07320608174453243
1961,VictoryA,1.202e-4,0,0,1.5186858995964035e-5,1945,0,0,2.417363048526871e-7,1,7.05631887324057e-4,2106,0,0,0.0018871,1.713203948364033e-5,6,0.0013330470447742726,170725,0.003943217665615142,75,6.838720064282518e-4,2829,0.002994747297674464,8938,0.0023504164324766237,1150,0.05988143277038808
1988,VictoryA,0.1128983,0.07645283543150891,59430,0.006207748755009239,5860000,0.13164768571727092,3780,0.10366693858060921,1302601,0.2205215683569101,1121980,0.13889287076506512,165686,0.0110513,1.0548767466571984e-4,82,0.0026907306890313083,2540000,0.043534287604917635,1250,0.0011656751755834544,14647,0.012525337338170742,63727,0.006286334620108055,7499,0.9108403738293629
1987,VictoryA,0.057612,0.016704515886455065,12262,0.01057435304237029,9650000,0.044516676088185415,1260,0.028613755257720145,346548,0.1567219588515122,783730,0.08854091159033765,103214,0.0010476,0,0,4.242452356356561e-4,387160,7.772752967778406e-4,22,5.666637877977462e-4,6863,0.0032716981215081607,16361,0.001245581060991438,1452,0.9821410306241433
1981,VictoryB,6.942e-4,0,0,1.1248885769908524e-4,77136,5.124075836322378e-4,14,4.6899383107383205e-4,4924,0.0019940826941600687,8966,0.0010772398424703604,1049,0.0059161,2.114233442380796e-5,15,0.0013029259357252322,893444,0.0052704780030744455,144,0.0036116525346240125,37919,0.01647620278259717,74082,0.008814060598592091,8583,0.10501792656914209
1980,VictoryA,0.0020931,0,0,0.0021442372034298153,1362169,0.003106054936007784,83,0.001034973062890087,11053,0.0031202379759530394,13764,0.0031528563225575426,2976,0.0046777,5.981385372313419e-4,430,9.637323585075244e-4,612230,0.00580046403712297,155,0.002451143568920095,26177,0.010953250383908967,48317,0.007299455666136247,6890,0.3091362911325102
1919,VictoryB,0.0612985,0.02280262415349887,1293,0.040485203229049735,634729,0.18748512966928385,2364,0.03569226112172918,44334,0.026126004649889473,31970,0.055199887519332615,5889,0.0058084,0,0,0.002138531395073456,33528,0.010230787532714728,129,4.516479110680306e-4,561,0.015524420091771983,18997,0.006505131930449454,694,0.9134455622298154
1966,VictoryA,0.0353643,0.05789058791795871,27686,0.034708138110692094,6032499,0.01869940161914819,425,0.047179430295826864,256902,0.01629437281589413,54643,0.03741360286907541,21939,0.0026087,5.666527965674641e-4,271,0.0014753996127106223,256434,0.008359732488560366,190,6.277074244308578e-4,3418,0.002716275496952577,9109,0.0019065776930409914,1118,0.9313011876859875
1831,VictoryA,0.14995,0.1393188854489164,225,0.31759401649657487,18174,0.14661949685534592,373,0.06061155270175802,2341,0.11827593845438732,32570,0.11727982162764772,1052,0.0103574,0,0,NA,NA,0.01690251572327044,43,0,0,0.011250195189797111,3098,0.02363433667781494,212,0.9353903812300618
1911,VictoryA,0.0713174,0.06524289673700498,3837,0.1206511212909263,55441,0.09923782858920517,638,0.05131707249604083,59364,0.033066045294306165,39620,0.058389736337003735,5780,0.0012094,0,0,NA,NA,9.332711152589828e-4,6,0,0,0.0036587971370580065,4384,0.0014546923931710275,144,0.9833247847692164
1934,VictoryB,0.0088021,0,0,0.005546748864979545,45397,0.029861724036481317,203,0.0014756211781760257,2327,0.01079399147528189,15711,0.00513480172495598,974,0.0804279,0.11295772878588028,8992,0.065980738558097,540015,0.04677846425419241,318,0.1286460113522004,202870,0.032061129538890246,46666,0.09614309964889343,18237,0.09864507452650453
1816,VictoryA,0.0396975,0.09535160905840286,80,0.06821791188594065,3823,0.008585858585858586,17,0.009660733302905827,254,0.03984666924365417,8659,0.016522165876001964,101,0.0463931,0.011918951132300357,10,0.11620063881800824,6512,0.06313131313131314,125,0,0,0.050955326080954225,11073,0.03615246196630133,221,0.4611130599624117
1862,VictoryA,0.0658817,0.03176813061637768,251,0.07155060934989615,18259,0.14467543487484089,682,0.0019657307604101825,300,0.0936712266869071,73800,0.051659058988764044,1177,0.170761,0.0012656625743576763,10,NA,NA,0.21213406873143828,1000,0,0,0.469644430115934,370015,NA,NA,0.2784015733424272
1871,VictoryA,0.0803042,0.02850337435490274,359,0.13377469211344792,22409,0.14229910714285715,765,0.00907702106243013,2038,0.10484432336739341,85400,0.06332680479675634,1843,0.1537179,7.939658594680428e-4,10,NA,NA,0.18601190476190477,1000,0,0,0.42806562223387157,348677,NA,NA,0.3431479334644036
1891,VictoryB,0.1007147,0.03971861044144963,1005,0.1670068290418061,34531,0.17981007431874485,871,0.013372100008410126,6678,0.1204532686867051,119000,0.08392752996067955,4461,0.154692,7.904201082875548e-4,20,NA,NA,0.20644095788604458,1000,5.006027256817208e-4,250,0.41103615116379116,406077,NA,NA,0.3943306890539677
1900,VictoryB,0.1092385,0.07910048188470463,2216,0.1137852114070308,43104,0.1974412171507607,1142,0.04692348968042794,33930,0.12315168228533939,132900,0.09502901050650776,6666,0.1199774,0,0,0.03231358511584688,12241,0.17289073305670816,1000,3.2222732377069587e-4,233,0.39436059813354313,425577,NA,NA,0.4765747053323962
1912,VictoryB,0.1240176,0.06337968697218782,4503,0.1519970391261287,73512,0.2320388349514563,1434,0.041838856680419756,50459,0.13872334532958402,167900,0.11612797837015014,11801,0.1136428,4.22249746650152e-5,3,NA,NA,0.07281553398058252,450,0.007525505127558805,9076,0.3741878404980622,452888,NA,NA,0.5218269429825079
1921,VictoryA,0.1485141,0.0049753494052195936,220,0.24351639004308023,1337524,0.4854368932038835,5500,0.01125365289127961,13925,0.10726917214274238,136876,0.038633087424743494,4556,0.1288543,0.0017413722918268577,77,NA,NA,0.1327449249779347,1504,0.01661903899865522,20564,0.3643120520687615,464864,NA,NA,0.5354398698626087
1914,VictoryA,0.1108046,0.07619860092134448,4466,0.1155719049419059,857000,0.18756211841544795,1321,0.04049325962710268,48412,0.14358849881545638,175100,0.10141294880480016,10479,0.0921649,9.554683501109026e-4,56,0.009141238712353665,67785,0.06531307681385773,460,0.011869781198219742,14191,0.3735449466442851,455522,NA,NA,0.5459174900662415
1921,VictoryA,0.1485141,0.0049753494052195936,220,0.24351639004308023,1337524,0.4854368932038835,5500,0.01125365289127961,13925,0.10726917214274238,136876,0.038633087424743494,4556,0.1288543,0.0017413722918268577,77,NA,NA,0.1327449249779347,1504,0.01661903899865522,20564,0.3643120520687615,464864,NA,NA,0.5354398698626087
1902,VictoryA,0.1099672,0.06433558193654815,2184,0.1318220823798627,46085,0.1980536110636845,1160,0.04460535805882981,34262,0.12290914980339934,136600,0.09807751481664816,7331,0.016583,0,0,0.016398741418764302,5733,0.04541574184736213,266,5.051333526013066e-4,388,0.025498699826343587,28339,0.011679398504287798,873,0.8689610921199651
1918,VictoryA,0.006646,0,0,0.001380545657136198,48820,0.013386432850306215,400,2.5944621752994044e-4,355,0.015073841967502836,18901,0.009775711621193518,1043,0.0373969,0.005375193881371343,402,0.0073167505914190295,258741,NA,NA,0.013184983691430016,18041,0.1144036098745189,143450,0.04670409492656501,4983,0.15089832867499645
1915,VictoryA,0.0012695,0,0,5.788317754783903e-4,11911,0.0016537851429342873,49,1.4224679229274894e-4,169,0.003989380107322467,4900,0.0012527555767045731,129,0.0090398,0,0,0.0022144409659138014,45568,0.02666306659016504,790,4.174817099242809e-4,496,0.015154759452591917,18614,0.009788973808668291,1008,0.12314124140339305
1939,VictoryA,0.0042844,0.005472599671494699,733,0.001744425990509172,57861,0.0028980416264160883,33,0.003590463801232249,7074,0.006005308257738172,9227,0.005995402628477715,1338,0.0121637,0.018075257578020008,2421,0.00810218505627998,268742,0.014314569245630984,163,0.015604864230829161,30745,0.009554343256052495,14680,0.007330701569648386,1636,0.2604799338525422
1950,VictoryB,0.0013319,0,0,9.232278301441958e-4,41176,0.0044591813400411615,78,2.4811865120960018e-5,57,5.86708852494492e-4,1258,0.0019977222232594612,535,0.005485,0,0,0.0019893254809042558,88724,0.004230505373885205,74,0.001695912745811583,3896,0.00954264692439571,20461,0.015451541233360094,4138,0.19538206516158368
1983,VictoryB,0.0078946,2.9883559237023176e-4,199,0.0037890251522667683,3043087,0.01647926267281106,447,0.0031968812016480185,33982,0.009507734772506249,44180,0.014095572559310935,14658,0.0032667,2.2525295907303904e-4,150,0.007857006971263306,6310213,0.007557603686635945,205,0.0013573245240826794,14428,8.771735385408662e-4,4076,0.0017261258523647925,1795,0.7073190398967862
1950,VictoryA,0.0011539,0,0,6.96187685204422e-4,31050,0.001829407729247656,32,4.352958793150881e-6,10,0.0016300059137267485,3495,0.002763204570489722,740,0.0013319,0,0,9.232278301441958e-4,41176,0.0044591813400411615,78,2.4811865120960018e-5,57,5.86708852494492e-4,1258,0.0019977222232594612,535,0.4641966368975783
1973,VictoryB,0.0032919,1.7312345000411168e-4,120,0.010583499327676885,3121718,0.005081102208325191,130,0.0012460737559872573,11321,8.468912142658024e-4,3278,0.0018205852149175373,1358,0.0018107,0,0,0.0013168120268596728,388408,0.004494821184287669,115,3.708172850385187e-4,3369,0.0017847237669762549,6908,0.0028971168258002935,2161,0.6451416924705052
1940,VictoryA,0.1373449,0.13272226650242736,18317,0.12321444772926889,6145214,0.1889168765743073,4200,0.09862600044953043,201846,0.12713971828107168,194077,0.15345012125892507,33978,0.0118268,0.0018911673067169045,261,NA,NA,0.03665887009715725,815,0.005189144817207243,10620,0.010422630800413498,15910,0.00497229335175927,1101,0.9207168651962805
1992,VictoryA,0.0012805,1.426643262257593e-4,102,7.368315494720326e-4,561000,0.0041580880868757825,103,9.038856731475174e-4,11787,8.257449161268536e-4,4470,9.157746503209531e-4,1166,0.0023307,9.329127999272692e-4,667,0.0017074527884378653,1300000,0.005530660853417303,137,0.00201321036541459,26253,0.0019300632849425876,10448,0.0018700338271133699,2381,0.35459127159946835
1992,VictoryA,0.0672895,0.08671753162742232,62000,0.06201993897695077,47220000,0.07670259577732025,1900,0.10191362727089101,1328991,0.027397366557220058,148310,0.048986089807176815,62371,0.0010118,7.398963585630066e-4,529,0.001116411438593989,850000,0.0010092446812805297,25,7.162375657247657e-4,9340,0.0010077043663248293,5455,0.0014812615699016445,1886,0.9851862263236572
1992,VictoryA,0.0106825,0.004079919996083725,2917,0.003020878010313146,2300000,0.021315247668644788,528,0.008837635385387189,115246,0.010557896910827308,57153,0.01628366708842566,20733,0.001689,6.29401439231291e-5,45,0.00275819296593809,2100000,0.002220338298817165,55,0.0036535784348384085,47644,3.775889504615859e-4,2044,0.001061073372713214,1351,0.86347653881906
1982,VictoryB,0.0068102,0.004250560666250672,2752,0.005427823943039758,4147000,0.0064248476393274105,175,0.0060112244683473435,62916,0.006341091899860398,28966,0.012405514978215676,12460,0.0237279,0.02116630936420756,13704,0.03163378331808767,24169041,0.012298994052426756,335,0.029593404430550273,309737,0.01232885498917137,56318,0.035345761415861536,35501,0.22300667035604704
1986,VictoryB,0.0016167,0,0,0.0016637607865225455,1410000,0.0031966838795798643,91,0.0017031148052647066,19846,7.155395579239139e-4,3517,0.002420810476021943,2736,0.1352873,0.10374483076582441,74032,0.3132590167418478,265480000,0.07970632662381003,2269,0.21184916852795563,2468629,0.04896085020015576,240651,0.054203680764466466,61261,0.01180900485011395
1870,VictoryA,0.0812532,0.029989140422688163,359,0.10015758973300372,19893,0.1840858069343976,738,0.007249811129515882,1545,0.1054083857672483,84500,0.06062871586742141,1703,0.1706882,8.353521009105338e-4,10,NA,NA,0.24943876278373658,1000,0,0,0.4324787561560992,346694,NA,NA,0.32250832931784934
1903,VictoryA,0.1126338,0.06864846570397112,2434,0.14362559396725524,48301,0.19897084048027444,1160,0.04108899933597601,34714,0.12408663405861421,139100,0.09938217350842726,7689,0.1184828,0,0,0.026063193952982178,8765,0.17152658662092624,1000,0.0012262546324846215,1036,0.3935981644812492,441220,NA,NA,0.4873462139889562
1911,VictoryA,0.1200893,0.06714730237540596,3949,0.13991055787079856,64291,0.2219629802457614,1427,0.04104916286885983,47486,0.13678760282021152,163900,0.11367814930801091,11253,0.1134478,6.631412490860553e-4,39,0.02585334537501496,11880,0.15601182143412662,1003,0.007834489388040194,9063,0.37687613502830897,451576,NA,NA,0.5142193681432201
1940,VictoryA,0.1713508,0.15607564669226867,21540,0.4250700287834566,21200000,0.14843468873695573,3300,0.1255343060129582,256916,0.05909716826751114,90211,0.11389306633789013,25219,0.0016678,2.825882182450547e-4,39,7.215363233868617e-4,35986,5.847427132061893e-4,13,0.0022691514624397775,4644,0.002509030544662709,3830,0.0036400258324413917,806,0.9903605739498528
1940,VictoryA,0.0118268,0.0018911673067169045,261,NA,NA,0.03665887009715725,815,0.005189144817207243,10620,0.010422630800413498,15910,0.00497229335175927,1101,0.0053605,0.005434388812404899,750,NA,NA,NA,NA,0.00386742761094118,7915,0.006083907746287879,9287,0.006056172011543307,1341,0.6881127344027277
1940,VictoryA,0.1713508,0.15607564669226867,21540,0.4250700287834566,21200000,0.14843468873695573,3300,0.1255343060129582,256916,0.05909716826751114,90211,0.11389306633789013,25219,0.0118268,0.0018911673067169045,261,NA,NA,0.03665887009715725,815,0.005189144817207243,10620,0.010422630800413498,15910,0.00497229335175927,1101,0.9354353370717817
1940,VictoryA,0.1713508,0.15607564669226867,21540,0.4250700287834566,21200000,0.14843468873695573,3300,0.1255343060129582,256916,0.05909716826751114,90211,0.11389306633789013,25219,0.0053605,0.005434388812404899,750,NA,NA,NA,NA,0.00386742761094118,7915,0.006083907746287879,9287,0.006056172011543307,1341,0.9696652109966936
1988,VictoryB,2.819e-4,0,0,1.06993621886678e-4,101000,3.831017309232752e-4,11,1.847157836095581e-4,2321,4.5264725924344814e-4,2303,5.641689824420218e-4,673,0.1344698,0.11659089564181531,90631,0.2986658097685204,281935000,0.07836171768885174,2250,0.21249047969598694,2669996,0.04815809123191008,245021,0.05255154433923909,62689,0.0020919958709240774
1989,VictoryA,0.0191178,0.021469127267197345,16800,0.037364111641601895,28580000,0.019507761152286394,558,0.017403774147740515,224036,0.01093021192480445,56423,0.008032108618416219,9728,2.67e-5,0,0,NA,NA,3.496014543420501e-5,1,1.5536587108982943e-7,2,9.821557602176163e-5,507,0,0,0.9986053435712606
1996,VictoryA,0.0050711,3.332911164585819e-5,25,0.0023857866084536,2012000,0.014347458004723077,322,0.001121183632811724,15858,0.007985144660975644,45922,0.004553854194535873,7319,0.0073674,0.002856971450282964,2143,0.005209125532274684,4393000,0.012832509022857907,288,0.007009483397920288,99142,0.010433618637962666,60003,0.005862955058766434,9423,0.4076938537605017
1996,VictoryA,0.0085258,4.146141488744759e-4,311,0.0011502052734592406,970000,0.02896225994742236,650,0.001920322149754019,27161,0.013072844404790947,75181,0.005634609042999982,9056,0.0010542,0,0,2.1936904699995825e-4,185000,0.002673439379762064,60,2.4886911259284074e-4,3520,0.0017863200884587517,10273,0.001397452728641559,2246,0.8899582463465553
1995,VictoryA,0.0114204,0.019212110226733553,14415,0.011026035289257271,9126000,0.003035954373942837,70,0.022543776685472965,309058,0.005177033048955714,29354,0.007527594344614473,11381,0.01092,0.018395112407171454,13802,0.010453348380742265,8652000,0.009107863121828512,210,0.010831090684981908,148486,0.0069152914713345205,39210,0.00981742227019705,14843,0.5111994413707902
1995,VictoryA,0.0026116,2.425670524637882e-4,182,0.0037587109122155784,3111000,0.005638200980179555,130,0.001747070114327288,23951,0.0018601269866912826,10547,0.00242277287446822,3663,0.0012246,5.9975370114672906e-5,45,0.0021421390059010673,1773000,0.002602246606236718,60,9.829868005792881e-4,13476,8.234505452604151e-4,4669,7.36819268948293e-4,1114,0.6807778530837809
1994,VictoryA,0.0670384,0.06730916406850057,48812,0.1192769742234913,96693000,0.05996744624346783,1400,0.08284022129413082,1114603,0.026495492643403847,147968,0.04634087325095327,66648,3.765e-4,4.5781042511559025e-4,332,6.291174837266459e-5,51000,2.5700334104343357e-4,6,2.8049358844723163e-4,3774,4.5625077892107077e-4,2548,7.446746376751133e-4,1071,0.9944151812136486
1996,VictoryB,0.0013457,2.6663289316686553e-5,20,1.577085581134835e-4,133000,0.003564585839682752,80,0.0016766849446418232,23715,0.0013170046091683621,7574,0.0013314999284474338,2140,4.378e-4,1.1065265066424919e-4,83,1.3043564956754275e-4,110000,2.22786614980172e-4,5,1.4083729326276668e-4,1992,9.408914629271202e-4,5411,0.001081377044692355,1738,0.7545276142416597
1994,VictoryA,0.0082131,0.01175552371720002,8525,0.005021837796570931,4071000,0.0032125417630429194,75,0.01444274419051624,194325,0.007240563774117903,40436,0.007605276551718384,10938,1.041e-4,0,0,3.947403819461307e-5,32000,8.56677803478112e-5,2,3.6195118594012135e-5,487,3.540061969886016e-4,1977,1.0916332223622109e-4,157,0.9874837685759631
1996,VictoryA,0.0030834,3.9994933975029826e-5,30,2.0632548204320398e-4,174000,0.00222786614980172,50,0.0014056862774349031,19882,0.008139902266225161,46812,0.006480795913415173,10416,0.0012125,3.9994933975029826e-5,30,1.8498146665942423e-4,156000,0.00222786614980172,50,7.343759865062036e-4,10387,0.0034512684820139495,19848,6.365067414961331e-4,1023,0.7177541376661468
1997,VictoryA,0.0111651,0.019463633178154877,15553,0.009601887420153232,7801000,0.0027456452266282575,61,0.023116160944917294,329246,0.005146780329020678,30004,0.006916356290935459,11751,0.1395226,0.1232479851829604,98485,0.34011433655767487,276324000,0.068866183553135,1530,0.21863309478288764,3114015,0.045954792591820046,267901,0.040319220066203025,68503,0.07409430232195462
1997,VictoryA,0.1395226,0.1232479851829604,98485,0.34011433655767487,276324000,0.068866183553135,1530,0.21863309478288764,3114015,0.045954792591820046,267901,0.040319220066203025,68503,0.0127905,0.007911598338088802,6322,0.005778856741138242,4695000,0.025881082054282755,575,0.011584970668974027,165006,0.010411234678362252,60694,0.015175254382536715,25783,0.9160249512353172
1997,VictoryA,0.0015193,1.1262952395254542e-5,9,9.403720021788321e-4,764000,0.004276004861142368,95,5.732596724493227e-4,8165,0.0019845054534875423,11569,0.0013301817051752309,2260,3.458e-4,0,0,9.108315204349945e-5,74000,4.5010577485709143e-4,10,1.246216679237658e-4,1775,4.708676177563578e-4,2745,9.381901053315566e-4,1594,0.8145943917216235
2001,VictoryB,0.0132578,0.001293280818294045,1100,0.002812178199337054,2395000,0.030371313804251985,620,0.004286684429185891,64518,0.023338315234320946,142350,0.017444778348338606,34203,0.0697572,0.03208629710187526,27291,0.016634709206683942,14167000,0.061869305378661706,1263,0.05034053687403713,757665,0.16967717543920627,1034931,0.08793539265669852,172410,0.15970366801180508
1998,VictoryA,0.0165144,0.0181922248303804,14144,0.011073204329369403,8955000,0.036567822172722635,788,0.008040155858267449,113655,0.010916238410416636,64479,0.014296647354278394,25219,0.00412,9.003504935850028e-5,70,0.0012192271880243698,986000,0.014617847695948767,315,0.00204450789195185,28901,0.0025958635144297877,15333,0.00415254141203415,7325,0.8003334237971543
1996,VictoryA,0.0591888,0.06566234943573813,49253,0.08773576101365897,73990000,0.05792451989484472,1300,0.07644488493020458,1081235,0.025689588586470115,147739,0.041675947760404675,66982,0.0521298,0.1317179823888974,98801,0.05395529933293027,45502000,0.0111393307490086,250,0.04736919541959227,669989,0.021867945161555637,125761,0.04672880332999421,75103,0.5317062916709338
1994,VictoryB,0.0029445,4.136841190803526e-5,30,1.4679407953621735e-4,119000,0.0017133556069562237,40,0.0013737794088125675,18484,0.007866207503140753,43930,0.006525463561700222,9385,7.587e-4,0,0,7.401382161489951e-5,60000,6.853422427824896e-4,16,5.496158152006566e-4,7395,0.0014140551024881068,7897,0.0018293547821878833,2631,0.7951231367465975
1999,VictoryB,0.0231577,0.02065226068632209,16298,0.04478928052415084,36368000,0.01007486828727239,218,0.025013894605621253,360862,0.00981691546246071,58744,0.02859879688044719,52666,0.051515,0.06527168658439385,51510,0.06995246188329762,56800000,0.041593492929106204,900,0.07170718641895706,1034481,0.024598438792257364,147196,0.035966519435300555,66234,0.31012270883468795
2002,VictoryB,0.004551,0,0,3.8394082313277536e-4,338000,0.01231130001465631,252,0.0018685029002545191,28612,0.011182358386049389,69948,0.001559744972877698,2476,0.0015505,2.2122547853836325e-5,20,2.430867933444199e-4,214000,0.0011725047633006009,24,6.262736898308695e-4,9590,0.005275762124692856,33001,0.0019635400163407852,3117,0.7458821601245595
2002,VictoryB,0.0038476,5.530636963459081e-6,5,0.0017549957743791063,1545000,0.009575455566954907,196,0.0012176745798317408,18646,0.004685853872212124,29311,0.005845893920963262,9280,0.0107764,0.018149338259287322,16408,0.010244858827912725,9019000,0.008696076994479456,178,0.012011002041822021,183922,0.006610009895750902,41347,0.008947115448215647,14203,0.26310175054704593
2006,VictoryB,7.865e-4,0,0,6.198656613363959e-5,72000,0.0025535750050070098,51,1.2561366057741878e-4,2257,0.0014713100629475818,9661,5.066333757799712e-4,892,7.072e-4,0,0,6.370841519290737e-5,74000,0.0025535750050070098,51,1.524950952512749e-4,2740,0.0012248987512977333,8043,2.4877289079778853e-4,438,0.5265448215839861
2008,VictoryB,6.775e-4,0,0,NA,NA,NA,NA,2.1149742087986755e-4,3978,0.0013586421308384264,9140,0.001139706001052533,2118,0.0037616,0,0,2.5723906575831755e-4,366000,0.006865330083080444,138,0.001657633632024261,31178,0.01228144108227589,82621,0.001507769695443436,2802,0.15262102678470862
2010,VictoryB,0.0037708,0,0,2.0311035816665204e-4,308000,0.006654129900188052,138,0.0016358219215872405,32228,0.012643279370093371,87095,0.0014883615632538367,2919,0.0021905,0,0,NA,NA,0.009740103187231786,202,3.7510003725113905e-5,739,8.334010777163562e-4,5741,3.416246136964956e-4,670,0.6325465921862681
2004,VictoryB,0.1681193,0.25705444355031726,272798,0.07531754193018679,84303000,0.11131422924901185,2253,0.16914444722785504,2861534,0.20446124553701475,1310414,0.19142364233011244,319782,0.0450076,0.10621288560804941,112718,0.04033946186057191,45152000,0.011857707509881422,240,0.04284319127654159,724808,0.019780134736399314,126773,0.04901211939090573,81877,0.7888225277991656
2004,VictoryB,0.0130136,0.00818094956306078,8682,0.005006696143396638,5604000,0.023715415019762844,480,0.01626947502419656,275242,0.010819291985607356,69342,0.014090004106441846,23538,0.1515293,0.09392826922315844,99681,0.4073149224382003,455908000,0.0716403162055336,1450,0.19316976651782447,3267987,0.04610423885886131,295487,0.09701798094754649,162073,0.07908940464766331
2009,VictoryB,0.0140388,0.00882597821663132,10908,0.005874905866130243,8636000,0.025540850710553304,523,0.019476900573908638,364612,0.010802746141708503,73543,0.013711269486351044,26184,0.0075736,0,0,0.0028013967527471444,4118000,0.028177955755237585,577,0.002715672197778371,50838,0.0044306491694974855,30163,0.007315923693622458,13971,0.6495715422627751
